PLAYER,POS,LANE_AGILITY_TIME,SHUTTLE_RUN,THREE_QUARTER_SPRINT,STANDING_VERTICAL_LEAP,MAX_VERTICAL_LEAP,MAX_BENCH_PRESS,YEAR
Kenny Adeleke,PF-C,11.57,-,3.47,28.50,30.50,26.00,2006
Maurice Ager,SG-PG,11.73,-,3.22,29.50,35.00,11.00,2006
LaMarcus Aldridge,PF-C,12.02,-,3.43,26.50,34.00,8.00,2006
Morris Almond,SG-SF,11.45,-,3.19,31.00,35.50,13.00,2006
Lou Amundson,PF,10.58,-,3.20,32.00,35.50,14.00,2006
Rashad Anderson,SG,11.77,-,3.48,27.50,32.50,13.00,2006
Hilton Armstrong,C-PF,12.28,-,3.53,28.50,31.50,13.00,2006
James Augustine,PF,10.54,-,3.25,30.00,32.50,13.00,2006
Renaldo Balkman,SF-PF,11.58,-,3.22,30.50,35.00,9.00,2006
J.P. Batista,PF,11.62,-,3.38,26.00,30.50,26.00,2006
Will Blalock,PG,11.08,-,3.18,35.00,40.00,8.00,2006
Brandon Bowman,SF,11.41,-,3.31,31.00,34.00,24.00,2006
Ronnie Brewer,SG-PG,11.32,-,3.14,35.00,41.00,19.00,2006
Denham Brown,SG-SF,11.42,-,3.25,28.00,34.50,12.00,2006
Brad Buckman,PF,12.26,-,3.54,25.50,30.50,10.00,2006
Nik Caner-Medley,SF,10.57,-,3.21,28.50,35.50,17.00,2006
Rodney Carney,SG-SF,10.57,-,3.06,32.00,38.50,10.00,2006
Keydren Clark,PG,11.03,-,3.11,31.00,34.00,13.00,2006
Mardy Collins,PG-SG,12.00,-,3.27,31.50,37.50,9.00,2006
Taquan Dean,SG-PG,10.53,-,3.20,30.50,34.50,16.00,2006
Terence Dials,PF-C,11.54,-,3.50,26.50,30.00,16.00,2006
Sean Dockery,PG-SG,10.88,-,3.34,29.00,33.00,4.00,2006
Jordan Farmar,PG,11.07,-,3.17,33.50,42.00,11.00,2006
Randy Foye,SG-PG,10.53,-,3.23,32.00,38.00,14.00,2006
Torin Francis,PF-C,11.97,-,3.51,26.50,32.00,9.00,2006
Rudy Gay,SF-PF,11.03,-,3.32,33.00,40.50,9.00,2006
Nick George,SF-SG,11.69,-,3.25,30.50,38.00,14.00,2006
Taj Gray,PF-SF,11.02,-,3.45,28.50,33.00,10.00,2006
Dan Grunfeld,SF-SG,11.30,-,3.46,28.00,33.50,16.00,2006
Matt Haryasz,PF-C,11.34,-,3.46,27.50,31.50,10.00,2006
Eric Hicks,PF,12.06,-,3.34,30.00,34.00,20.00,2006
Tedric Hill,SF-PF,12.23,-,3.24,30.00,36.50,1.00,2006
Daniel Horton,PG-SG,10.35,-,3.16,30.00,36.50,17.00,2006
Bobby Jones,SF-SG,11.23,-,3.28,28.50,34.50,15.00,2006
Solomon Jones,PF-C,11.27,-,3.30,32.00,39.00,6.00,2006
Viktor Keyru,SG-PG,11.40,-,3.24,29.00,34.50,11.00,2006
Marco Killingsworth,PF,11.42,-,3.34,28.00,32.00,13.00,2006
Tarence Kinsey,SF-SG,10.67,-,3.30,29.00,35.50,5.00,2006
Carl Krauser,PG,11.62,-,3.38,26.00,31.00,8.00,2006
Chris McCray,SG,11.46,-,3.34,30.50,39.00,1.00,2006
Gerry McNamara,PG-SG,11.28,-,3.40,27.00,32.00,3.00,2006
Pops Mensah-Bonsu,PF-C,11.47,-,3.29,31.50,36.00,19.00,2006
Paul Miller,PF-C,12.25,-,3.66,29.00,35.50,25.00,2006
Paul Millsap,PF,11.67,-,3.30,28.50,32.50,15.00,2006
Dwayne Mitchell,SG-SF,11.45,-,3.16,37.50,41.50,17.00,2006
Adam Morrison,SF,11.46,-,3.37,25.50,30.50,11.00,2006
Yemi Nicholson,PF-C,12.57,-,3.65,26.50,26.00,8.00,2006
David Noel,SF-SG,10.54,-,3.07,34.50,38.50,20.00,2006
Steve Novak,SF,11.11,-,3.37,24.50,31.00,5.00,2006
Patrick O'Bryant,C,12.68,-,3.63,26.50,30.00,13.00,2006
Danilo Pinnock,PG-SG,11.91,-,3.08,29.50,35.50,7.00,2006
Chris Quinn,PG-SG,11.25,-,3.25,32.00,37.00,7.00,2006
Allan Ray,SG,11.01,-,3.20,28.50,35.50,9.00,2006
JJ Redick,SG,10.94,-,3.29,27.50,33.00,6.00,2006
Antywane Robinson,SF-PF,11.73,-,3.40,29.00,32.50,12.00,2006
Brandon Roy,SG-SF,11.13,-,3.27,34.00,40.50,6.00,2006
Blake Schilb,PG-SG,11.25,-,3.43,28.50,34.50,13.00,2006
Mouhamed Sene,C,12.52,-,3.38,28.50,31.00,7.00,2006
Cedric Simmons,PF-C,11.05,-,3.31,30.50,35.00,15.00,2006
Marcus Slaughter,PF-SF,11.56,-,3.40,30.00,34.00,9.00,2006
Craig Smith,PF,11.59,-,3.40,30.00,29.50,-,2006
Steven Smith,SF-PF,12.08,-,3.40,29.50,34.50,15.00,2006
Michael Southhall,C,12.29,-,3.51,31.50,37.00,2.00,2006
Frans Steyn,C,11.67,-,3.38,28.50,29.50,-,2006
Curtis Stinson,SG,10.95,-,3.27,28.00,31.50,17.00,2006
Tyrus Thomas,PF-SF,11.36,-,3.20,34.00,39.50,8.00,2006
Joah Tucker,SF-SG,11.58,-,3.31,29.00,34.00,19.00,2006
Ian Vouyoukas,C-PF,13.70,-,3.72,23.00,28.00,8.00,2006
Darius Washington,PG,10.71,-,3.26,29.00,37.50,9.00,2006
CJ Watson,PG,11.61,-,3.15,31.50,34.00,12.00,2006
Marcus Williams,PG,11.30,-,3.40,24.50,28.00,4.00,2006
Shawne Williams,SF-PF,10.69,-,3.30,32.00,31.00,-,2006
Justin Williams,C-PF,11.90,-,3.31,26.50,31.50,7.00,2006
Shelden Williams,PF-C,11.53,-,3.59,29.00,33.50,25.00,2006
Eric Williams,C-PF,11.71,-,3.56,28.50,29.00,17.00,2006
Curtis Withers,PF-SF,11.54,-,3.10,35.00,36.50,14.00,2006
Mohamed Abukar,SF,11.78,-,3.37,30.50,35.00,15.00,2007
Mario Boggan,PF,12.18,-,3.45,24.00,26.50,12.00,2007
Craig Bradshaw,PF,11.88,-,3.54,26.00,28.00,12.00,2007
Corey Brewer,SF-SG,11.69,-,3.22,30.50,36.50,11.00,2007
Aaron Brooks,PG,10.57,-,3.20,32.50,39.50,6.00,2007
Bobby Brown,PG,11.27,-,3.25,32.50,41.00,3.00,2007
Russell Carter,SG,11.61,-,3.29,33.00,38.50,25.00,2007
Coleman Collins,PF,11.47,-,-,30.00,35.00,21.00,2007
Mike Conley,PG,11.63,-,3.09,35.50,40.50,13.00,2007
Daequan Cook,SG,11.12,-,3.22,30.00,34.50,4.00,2007
Ryvon Covile,C-PF,12.52,-,3.37,25.00,30.50,19.00,2007
Javaris Crittenton,PG,11.60,-,3.32,32.50,38.00,11.00,2007
Jermareo Davidson,PF,12.63,-,3.53,27.00,30.00,7.00,2007
Justin Doellman,PF,-,-,-,-,-,19.00,2007
Zabian Dowdell,PG,11.13,-,3.29,30.00,33.50,3.00,2007
Jared Dudley,SF,11.32,-,3.45,28.00,32.00,14.00,2007
Kevin Durant,SF-PF,12.33,-,3.45,26.00,33.50,0.00,2007
Rashaun Freeman,PF,11.43,-,3.41,28.00,32.00,20.00,2007
Aaron Gray,C,12.07,-,3.70,27.00,32.50,17.00,2007
Caleb Green,PF,11.72,-,3.46,28.50,36.00,9.00,2007
Jeff Green,SF,12.00,-,3.34,33.50,38.00,17.00,2007
Taurean Green,PG,11.30,-,3.26,29.00,32.50,8.00,2007
Spencer Hawes,PF,11.88,-,3.51,26.00,29.00,9.00,2007
Brandon Heath,PG,11.39,-,3.28,32.00,36.00,11.00,2007
Herbert Hill,C,12.31,-,3.39,30.50,34.00,15.00,2007
Al Horford,PF,12.15,-,3.37,31.00,35.50,20.00,2007
Quinton Hosley,SF-SG,12.47,-,3.32,28.50,34.00,12.00,2007
James Hughes,C,13.31,-,3.37,31.00,33.00,8.00,2007
Jeremy Hunt,SG,12.11,-,3.29,30.50,33.00,10.00,2007
Ekene Ibekwe,PF,11.00,-,3.28,34.50,39.00,10.00,2007
Dominic James,PG,10.94,-,3.11,33.50,38.50,14.00,2007
Trey Johnson,SG,11.78,-,3.31,26.50,35.00,18.00,2007
Rashad Jones-Jennings,PF,12.18,-,3.29,25.00,30.00,20.00,2007
Jared Jordan,PG,11.02,-,3.39,24.50,28.50,6.00,2007
Coby Karl,SG-PG,11.57,-,3.41,32.00,34.50,9.00,2007
Antanas Kavaliauskas,PF,11.19,-,3.42,25.50,30.00,19.00,2007
Carl Landry,PF,11.35,-,3.29,31.50,36.50,21.00,2007
Stephane Lasme,PF,11.73,-,3.22,29.50,36.00,17.00,2007
Acie Law,PG,11.00,-,3.22,29.00,34.00,8.00,2007
Marko Lekic,C,11.96,-,3.43,24.00,30.50,19.00,2007
Ron Lewis,SG,11.59,-,3.22,33.00,38.00,16.00,2007
Cartier Martin,SF,12.10,-,3.43,27.00,29.50,11.00,2007
Dominic McGuire,SF,10.95,-,3.25,28.50,34.50,12.00,2007
Josh McRoberts,PF,11.70,-,3.47,27.50,31.50,12.00,2007
Sammy Mejia,SG,11.87,-,3.49,27.00,31.50,7.00,2007
Brad Newley,SG,11.77,-,3.29,29.50,31.50,3.00,2007
Demetris Nichols,SF,10.39,-,3.38,28.50,32.50,16.00,2007
Joakim Noah,PF,11.79,-,3.47,32.50,37.50,12.00,2007
Greg Oden,C,11.67,-,3.27,32.00,34.00,-,2007
Ivan Radenovic,PF,11.61,-,3.60,23.00,28.00,7.00,2007
JR Reynolds,PG,11.69,-,3.24,27.50,34.50,15.00,2007
Chris Richard,PF,11.39,-,3.29,26.50,30.50,15.00,2007
Dustin Salisbery,SG,11.07,-,3.12,34.00,38.00,11.00,2007
Blake Schilb,SG,11.63,-,3.36,26.50,33.50,11.00,2007
Renaldas Seibutis,SG,11.33,-,3.39,24.00,32.50,1.00,2007
Ramon Sessions,PG,11.65,-,3.27,29.50,33.50,8.00,2007
Mustafa Shakur,PG,11.82,-,3.27,28.50,35.00,11.00,2007
Jason Smith,PF,10.96,-,3.29,33.50,37.50,15.00,2007
DJ Strawberry,SG,10.87,-,3.14,28.50,35.00,21.00,2007
Rodney Stuckey,SG-PG,11.34,-,3.11,30.50,35.00,14.00,2007
Curtis Sumpter,SF,11.30,-,3.22,27.50,32.50,12.00,2007
Yue Sun,SF,10.68,-,3.45,29.00,34.00,9.00,2007
Jamaal Tatum,PG,11.51,-,3.22,28.50,33.00,7.00,2007
Reyshawn Terry,SF,11.76,-,3.26,31.00,37.50,18.00,2007
Al Thornton,SF,11.96,-,3.16,35.00,41.00,9.00,2007
Anthony Tolliver,PF,11.49,-,3.29,28.50,30.00,21.00,2007
Ali Traore,C-PF,12.16,-,3.52,25.00,29.00,11.00,2007
Kyle Visser,C,12.60,-,3.39,26.00,29.00,18.00,2007
Darryl Watkins,C,11.65,-,3.56,26.50,31.00,14.00,2007
Major Wingate,C,12.14,-,3.47,27.50,30.50,15.00,2007
DaShaun Wood,PG,11.40,-,3.23,31.50,34.50,13.00,2007
Julian Wright,SF-PF,11.48,-,3.36,28.50,33.50,2.00,2007
Brandan Wright,PF,11.76,-,3.31,30.50,35.50,2.00,2007
Avis Wyatt,PF,11.46,-,3.23,27.50,32.00,12.00,2007
Jianlian Yi,,-,-,-,-,-,-,2007
Nick Young,SG-SF,11.00,-,3.25,39.50,40.50,6.00,2007
Thaddeus Young,SF,11.06,-,3.19,34.50,37.00,13.00,2007
Joe Alexander,SF-PF,11.33,-,2.99,32.50,38.50,24.00,2008
Darrell Arthur,PF,12.18,-,3.14,28.50,30.00,12.00,2008
D.J. Augustin,PG,11.27,-,3.07,28.50,35.00,2.00,2008
Jerryd Bayless,PG-SG,11.26,-,3.07,31.00,38.00,10.00,2008
Michael Beasley,PF-SF,11.06,-,3.24,30.00,35.00,19.00,2008
Ramel Bradley,PG-SG,10.68,-,3.24,24.50,29.50,9.00,2008
Tyrone Brazelton,PG,11.59,-,3.25,30.00,34.00,8.00,2008
Takais Brown,PF,12.47,-,3.25,29.00,31.00,22.00,2008
Keith Brumbaugh,SF-PF,11.65,-,3.28,26.00,27.00,2.00,2008
Stanley Burrell,PG,11.19,-,3.19,29.50,34.50,21.00,2008
Brian Butch,C-PF,11.87,-,3.52,24.00,26.50,9.00,2008
Jamar Butler,PG,-,-,-,-,-,15.00,2008
Pat Calathes,SF-PF,-,-,-,-,-,7.00,2008
Joe Crawford,SG,11.67,-,3.22,31.00,36.00,13.00,2008
Chris Daniels,C-PF,12.72,-,3.56,26.00,28.50,11.00,2008
Joey Dorsey,PF-C,11.84,-,3.20,27.50,33.00,19.00,2008
Marcus Dove,SF-PF,11.59,-,3.26,27.50,33.50,10.00,2008
Josh Duncan,PF,12.47,-,3.26,28.00,32.00,26.00,2008
Frank Elegar,PF,11.86,-,3.17,33.50,37.50,11.00,2008
Patrick Ewing Jr.,SF-PF,11.77,-,3.43,35.00,42.00,2.00,2008
Gary Forbes,SG,11.45,-,3.25,27.50,33.50,13.00,2008
Shan Foster,SG,12.30,-,3.24,30.00,33.00,10.00,2008
J.R. Giddens,SG,-,-,-,-,-,10.00,2008
James Gist,PF,11.37,-,3.14,30.50,35.00,5.00,2008
Vladimir Golubovic,C,12.40,-,3.33,21.50,27.00,15.00,2008
Eric Gordon,SG,10.81,-,3.01,32.00,40.00,15.00,2008
Kentrell Gransberry,C,12.16,-,3.32,24.50,27.50,18.00,2008
Donte Greene,SF-PF,11.21,-,3.20,27.50,31.50,2.00,2008
Malik Hairston,SG,11.33,-,3.08,30.50,38.00,13.00,2008
DeVon Hardin,C-PF,11.49,-,3.33,29.50,32.00,20.00,2008
Richard Hendrix,PF,10.62,-,3.27,26.50,28.00,13.00,2008
George Hill,PG,12.20,-,3.07,34.00,37.50,9.00,2008
Kyle Hines,SF-PF,12.17,-,3.40,28.50,33.00,16.00,2008
Jiri Hubalek,C-PF,12.26,-,3.54,20.50,26.00,2.00,2008
Lester Hudson,PG,11.15,-,3.16,30.50,36.00,12.00,2008
Othello Hunter,PF-SF,11.51,-,3.18,28.00,34.50,7.00,2008
Darnell Jackson,PF,11.75,-,3.26,27.00,31.00,11.00,2008
Shawn James,PF,-,-,-,-,-,6.00,2008
Davon Jefferson,SF,12.02,-,3.36,27.00,32.00,2.00,2008
Joseph Jones,PF,11.61,-,3.33,25.50,31.00,16.00,2008
DeAndre Jordan,C,12.30,-,3.27,26.00,30.50,8.00,2008
Sasha Kaun,C-PF,12.06,-,3.20,29.00,32.00,13.00,2008
Marcelus Kemp,SG,11.79,-,3.39,26.00,30.00,9.00,2008
Maarty Leunen,SF,11.57,-,3.36,29.50,34.50,14.00,2008
Longar Longar,C,-,-,-,-,-,14.00,2008
Brook Lopez,C,12.77,-,3.57,27.50,30.50,7.00,2008
Kevin Love,PF,11.17,-,3.22,29.50,35.00,18.00,2008
Aleks Maric,C,11.76,-,3.35,23.00,28.00,15.00,2008
O.J. Mayo,SG-PG,11.04,-,3.14,30.50,41.00,7.00,2008
James Mays,PF,11.23,-,3.19,29.50,35.00,13.00,2008
Luc Mbah a Moute,SF,11.71,-,3.17,32.00,38.50,11.00,2008
JaVale McGee,C-PF,12.75,-,3.25,27.00,32.50,7.00,2008
Drew Neitzel,PG,11.19,-,3.20,25.50,32.00,10.00,2008
DeMarcus Nelson,PG-SG,10.54,-,3.13,34.50,38.50,19.00,2008
David Padgett,C-PF,12.45,-,3.45,24.00,28.00,17.00,2008
Jeremy Pargo,PG,10.65,-,3.07,32.00,37.00,7.00,2008
Trent Plaisted,PF,11.32,-,3.17,30.50,35.50,14.00,2008
Quan Prowell,SF-PF,11.79,-,3.14,32.00,36.00,16.00,2008
Shaun Pruitt,C-PF,11.30,-,3.40,27.00,32.50,10.00,2008
Anthony Randolph,PF-SF,11.86,-,3.26,29.00,35.00,7.00,2008
Charles Rhodes,PF,11.51,-,3.13,26.50,33.50,14.00,2008
John Riek,C,-,-,-,-,-,-,2008
Brian Roberts,PG,10.65,-,3.05,31.50,36.50,10.00,2008
Russell Robinson,PG,11.30,-,3.15,25.00,31.50,8.00,2008
Richard Roby,SG-SF,-,-,-,-,-,-,2008
Derrick Rose,PG,11.69,-,3.05,34.50,40.00,10.00,2008
Sean Singletary,PG,-,-,-,26.00,-,18.00,2008
Ronald Steele,PG,11.08,-,3.26,25.00,29.50,5.00,2008
Mike Taylor,SG-PG,10.98,-,3.08,31.00,39.00,2.00,2008
Bryce Taylor,SG,11.08,-,3.19,34.50,41.00,16.00,2008
Mark Tyndale,SG-SF,12.52,-,3.14,27.00,33.50,5.00,2008
Robert Vaden,SG,11.97,-,3.40,26.00,29.50,10.00,2008
Deron Washington,SF,11.03,-,3.09,34.00,40.00,7.00,2008
Sonny Weems,SG-SF,10.58,-,2.96,29.00,36.50,12.00,2008
Russell Westbrook,PG,10.98,-,3.08,30.00,36.50,12.00,2008
Reggie Williams,SG,11.32,-,3.07,31.50,36.50,15.00,2008
Jeff Adrien,PF,11.34,-,3.32,27.50,31.50,16.00,2009
Jeff Ayres,PF,11.98,-,3.14,31.00,35.00,15.00,2009
Rodrigue Beaubois,PG,10.49,-,3.15,29.50,39.00,3.00,2009
DeJuan Blair,PF,11.50,-,3.45,26.00,33.00,18.00,2009
Derrick Brown,SF-PF,11.26,-,3.13,30.50,35.50,20.00,2009
Chase Budinger,SF-SG,11.08,-,3.24,29.50,38.50,10.00,2009
DeMarre Carroll,PF-SF,-,-,-,-,-,-,2009
Omri Casspi,SF,11.15,-,3.28,25.50,32.50,2.00,2009
Dionte Christmas,SG,10.83,-,3.21,27.00,33.50,3.00,2009
Earl Clark,SF-PF,11.17,-,3.35,28.50,33.00,5.00,2009
Darren Collison,PG,10.45,-,3.10,30.50,33.50,9.00,2009
Dante Cunningham,PF,11.18,-,3.26,28.00,35.00,18.00,2009
Stephen Curry,PG-SG,11.07,-,3.28,29.50,35.50,10.00,2009
Austin Daye,SF-PF,12.11,-,3.55,25.00,28.00,0.00,2009
DeMar DeRozan,SG-SF,11.88,-,3.31,29.00,38.50,5.00,2009
Toney Douglas,PG,10.63,-,3.03,28.00,32.50,15.00,2009
Wayne Ellington,SG,11.14,-,3.20,31.50,38.00,13.00,2009
Tyreke Evans,PG-SG,11.81,-,3.17,28.50,34.00,7.00,2009
Jonny Flynn,PG,10.86,-,3.23,33.00,40.00,10.00,2009
Taj Gibson,PF,11.56,-,3.41,25.50,30.00,12.00,2009
Danny Green,SG-SF,11.30,-,3.30,29.00,33.00,15.00,2009
Blake Griffin,PF,10.95,-,3.28,32.00,35.50,22.00,2009
Tyler Hansbrough,PF,11.12,-,3.27,27.50,34.00,18.00,2009
James Harden,SG,11.10,-,3.13,31.50,37.00,17.00,2009
Gerald Henderson,SG-SF,11.17,-,3.14,31.50,35.00,8.00,2009
Josh Heytvelt,PF-C,11.67,-,3.38,28.50,34.00,15.00,2009
Jordan Hill,PF-C,12.23,-,3.30,31.00,35.00,11.00,2009
Jrue Holiday,PG-SG,10.64,-,3.21,28.50,34.00,6.00,2009
Joe Ingles,SF,10.66,-,3.30,26.00,31.00,3.00,2009
James Johnson,SF-PF,11.21,-,3.23,30.50,35.00,18.00,2009
Ty Lawson,PG,10.98,-,3.12,29.00,36.50,14.00,2009
Eric Maynor,PG,10.78,-,3.19,28.50,31.50,8.00,2009
Jack McClinton,SG-PG,10.44,-,3.21,30.00,36.50,13.00,2009
Jerel McNeal,SG,10.61,-,3.25,31.50,36.50,10.00,2009
Jodie Meeks,SG,10.96,-,3.10,28.50,37.00,14.00,2009
Patty Mills,PG,10.87,-,3.10,27.50,33.00,8.00,2009
Byron Mullens,C,11.10,-,3.45,28.50,32.50,10.00,2009
A.J. Price,PG,10.99,-,3.22,26.00,31.00,11.00,2009
Tyler Smith,SF,10.69,-,3.24,29.00,33.50,10.00,2009
DaJuan Summers,SF,10.94,-,3.17,29.50,34.50,15.00,2009
Jermaine Taylor,SG,11.54,-,3.32,34.00,37.50,16.00,2009
Jeff Teague,PG,11.05,-,3.18,30.50,36.50,13.00,2009
Hasheem Thabeet,C,-,-,-,-,-,-,2009
Marcus Thornton,SG,10.73,-,3.28,31.00,33.00,14.00,2009
Terrence Williams,SG-SF,11.15,-,3.18,30.50,37.00,9.00,2009
Sam Young,SF-SG,11.47,-,3.45,27.50,33.00,-,2009
Solomon Alabi,C,13.20,-,3.68,22.50,26.00,10.00,2010
Cole Aldrich,C,11.48,-,3.35,23.00,28.00,10.00,2010
Al-Farouq Aminu,SF,11.29,-,3.30,27.00,33.50,13.00,2010
James Anderson,SF,11.86,-,3.19,30.00,35.50,14.00,2010
Luke Babbitt,SF-PF,10.98,-,3.40,29.50,37.50,15.00,2010
Eric Bledsoe,PG,-,-,-,-,-,9.00,2010
Trevor Booker,PF,11.15,-,3.10,31.00,36.00,22.00,2010
Craig Brackins,PF-SF,11.65,-,3.39,26.00,35.00,6.00,2010
Avery Bradley,SG-PG,11.47,-,3.14,31.50,37.50,2.00,2010
Derrick Caracter,PF,12.78,-,3.61,25.00,30.50,22.00,2010
Sherron Collins,PG,12.31,-,3.24,27.50,33.00,-,2010
DeMarcus Cousins,C,11.40,-,3.55,23.50,27.50,-,2010
Jordan Crawford,SG,11.03,-,3.37,31.50,34.50,7.00,2010
Ed Davis,PF,11.70,-,3.21,31.00,36.00,-,2010
Devin Ebanks,SF,11.69,-,3.44,23.50,32.00,6.00,2010
Derrick Favors,PF,11.74,-,3.25,31.50,35.50,14.00,2010
Keith Gallon,PF-C,13.44,-,3.70,23.50,28.50,14.00,2010
Charles Garcia,SF,11.65,-,3.23,24.50,30.50,2.00,2010
Paul George,SF,-,-,-,-,-,4.00,2010
Luke Harangody,PF,11.83,-,3.41,24.00,28.50,23.00,2010
Manny Harris,SG,-,-,-,-,-,11.00,2010
Lazar Hayward,SG-SF,10.87,-,3.31,31.00,36.00,15.00,2010
Gordon Hayward,SF,11.73,-,3.22,30.50,34.50,10.00,2010
Xavier Henry,SG,11.10,-,3.18,28.50,36.50,8.00,2010
Darington Hobson,SG-SF,11.68,-,3.25,29.00,34.00,-,2010
Damion James,SF,10.89,-,3.20,29.00,33.00,13.00,2010
Wesley Johnson,SF,11.43,-,3.14,32.00,37.00,16.00,2010
Armon Johnson,PG-SG,11.25,-,3.19,31.50,38.50,18.00,2010
Dominique Jones,SG,10.88,-,3.31,26.00,32.50,19.00,2010
Jerome Jordan,C,-,-,-,-,-,-,2010
Sylven Landesberg,SG,11.59,-,3.36,28.00,32.00,8.00,2010
Gani Lawal,PF,11.61,-,3.24,27.00,31.50,20.00,2010
Greg Monroe,PF-C,12.10,-,3.35,25.00,29.00,15.00,2010
Daniel Orton,C,12.32,-,3.39,24.00,30.50,13.00,2010
Artsiom Parakhouski,C,12.07,-,3.33,25.50,26.50,16.00,2010
Patrick Patterson,PF,11.14,-,3.25,28.50,33.50,17.00,2010
Dexter Pittman,PF-C,-,-,-,-,-,-,2010
Andy Rautins,SG,11.27,-,3.49,23.50,30.50,8.00,2010
Ryan Richards,PF,11.33,-,3.37,25.00,28.50,4.00,2010
Stanley Robinson,SF,11.65,-,3.23,-,37.50,6.00,2010
Larry Sanders,PF-C,12.49,-,3.27,25.50,28.00,7.00,2010
Jon Scheyer,PG-SG,-,-,-,-,-,-,2010
Lance Stephenson,SG,11.39,-,3.38,27.00,33.00,10.00,2010
Mikhail Torrance,PG,11.43,-,3.17,23.00,32.00,8.00,2010
Evan Turner,SG,11.06,-,3.27,27.50,34.50,9.00,2010
Ekpe Udoh,PF,11.15,-,3.29,31.00,33.50,10.00,2010
Jarvis Varnado,PF-C,11.61,-,3.37,29.50,32.50,3.00,2010
Greivis Vasquez,PG-SG,-,-,-,-,-,-,2010
John Wall,PG,10.84,-,3.14,30.00,39.00,-,2010
Willie Warren,SG-PG,11.21,-,3.50,23.00,31.50,10.00,2010
Terrico White,SG-PG,11.38,-,3.15,31.00,40.00,10.00,2010
Hassan Whiteside,C-PF,11.83,-,3.54,27.00,31.50,12.00,2010
Keith Benson,C-PF,11.88,-,3.35,31.50,36.00,12.00,2011
Marshon Brooks,SG,10.74,-,3.09,34.00,38.50,5.00,2011
Alec Burks,SG,10.96,-,3.17,29.00,36.00,5.00,2011
Jimmy Butler,SF,11.12,-,3.15,32.00,39.00,14.00,2011
Norris Cole,PG,10.07,-,3.22,29.50,38.50,11.00,2011
Jon Diebler,SG,10.94,-,3.37,28.00,35.00,2.00,2011
Michael Dunigan,PF-C,11.85,-,3.27,29.50,34.50,10.00,2011
LaceDarius Dunn,SG,11.45,-,3.27,26.50,31.00,3.00,2011
Kenneth Faried,PF,11.35,-,3.26,30.50,35.00,16.00,2011
James Fredette,PG,10.42,-,3.21,28.00,33.00,14.00,2011
Andrew Goudelock,PG,10.33,-,3.10,32.50,37.00,4.00,2011
Jordan Hamilton,SF,11.47,-,3.30,25.00,32.00,7.00,2011
Justin Harper,PF-SF,11.92,-,3.30,28.50,33.00,19.00,2011
Tobias Harris,SF-PF,10.96,-,3.17,31.50,37.50,12.00,2011
Tyler Honeycutt,SF,11.68,-,3.07,30.00,37.00,-,2011
Scotty Hopson,SG,10.47,-,3.18,32.50,36.00,10.00,2011
Kyrie Irving,PG,-,-,-,-,-,-,2011
Rick Jackson,PF,11.51,-,3.26,28.50,33.00,9.00,2011
Charles Jenkins,PG-SG,11.68,-,3.18,29.50,34.00,16.00,2011
JaJuan Johnson,PF,11.21,-,3.14,33.50,38.00,15.00,2011
Cory Joseph,PG,10.75,-,3.27,27.50,35.00,5.00,2011
Enes Kanter,PF-C,11.30,-,3.26,26.00,32.50,14.00,2011
Brandon Knight,PG,10.74,-,3.07,29.00,37.50,10.00,2011
Malcolm Lee,SG,11.20,-,3.09,30.00,35.50,17.00,2011
Kawhi Leonard,SF,11.45,-,3.15,25.50,32.00,3.00,2011
Travis Leslie,SG,11.00,-,3.13,33.00,40.50,10.00,2011
Jon Leuer,PF,10.82,-,3.36,29.50,36.50,14.00,2011
DeAndre Liggins,SF-SG,-,-,3.33,27.00,31.00,6.00,2011
David Lighty,SG,10.81,-,3.25,28.50,33.00,15.00,2011
Shelvin Mack,PG,11.23,-,3.18,32.00,39.00,17.00,2011
Demetri McCamey,PG,11.55,-,3.19,27.00,33.00,-,2011
E'Twaun Moore,SG,11.12,-,3.31,32.00,34.50,-,2011
Marcus Morris,PF-SF,-,-,3.15,29.00,33.00,11.00,2011
Markieff Morris,PF,-,-,3.40,27.00,31.50,11.00,2011
Darius Morris,PG-SG,11.00,-,3.20,24.50,32.00,12.00,2011
Chandler Parsons,SF,11.05,-,3.29,25.50,31.50,4.00,2011
Jereme Richmond,SF,11.74,-,3.02,27.00,33.50,0.00,2011
Josh Selby,SG-PG,11.13,-,3.20,29.50,42.00,5.00,2011
Iman Shumpert,PG-SG,11.10,-,3.18,36.50,42.00,18.00,2011
Kyle Singler,SF,11.22,-,3.21,23.00,30.00,10.00,2011
Chris Singleton,SF,11.33,-,3.09,30.50,37.50,15.00,2011
Jamie Skeen,PF,12.43,-,3.46,26.00,30.50,10.00,2011
Nolan Smith,PG,11.05,-,3.17,28.50,34.00,9.00,2011
Gregory Smith,PF-C,12.43,-,3.36,29.50,36.00,17.00,2011
Malcolm Thomas,PF,11.31,-,3.29,32.00,36.50,3.00,2011
Isaiah Thomas,PG,10.49,-,3.14,31.50,40.00,13.00,2011
Trey Thompkins,PF,11.72,-,3.41,27.50,30.50,15.00,2011
Tristan Thompson,PF,10.92,-,3.26,30.00,35.00,9.00,2011
Klay Thompson,SG,10.99,-,3.24,26.50,31.50,5.00,2011
Jeremy Tyler,PF-C,11.26,-,3.29,28.00,33.50,10.00,2011
Nikola Vucevic,PF-C,12.02,-,3.27,23.50,25.00,8.00,2011
Kemba Walker,PG,10.87,-,3.16,32.00,39.50,7.00,2011
Jordan Williams,PF,12.74,-,3.45,25.00,30.50,10.00,2011
Derrick Williams,PF-SF,11.03,-,3.23,29.00,34.50,19.00,2011
Quincy Acy,PF,10.48,-,3.28,32.00,37.00,13.00,2012
Harrison Barnes,SF-SG,10.93,-,3.16,38.00,39.50,15.00,2012
Will Barton,SG-SF,12.50,-,3.60,30.00,34.00,0.00,2012
Bradley Beal,SG,10.95,-,3.28,33.00,39.00,8.00,2012
J'Covan Brown,PG,11.68,-,3.47,26.00,29.50,3.00,2012
William Buford,SG-SF,11.40,-,3.43,27.50,32.50,8.00,2012
Jae Crowder,SF,11.45,-,3.37,31.00,34.50,20.00,2012
Jared Cunningham,SG-PG,-,-,-,-,-,4.00,2012
Anthony Davis,PF-C,-,-,-,-,-,-,2012
Marcus Denmon,SG,10.82,-,3.19,33.50,40.00,8.00,2012
Andre Drummond,C,10.83,-,3.39,31.50,33.50,10.00,2012
Kim English,SG,10.59,-,3.33,29.00,36.50,-,2012
Festus Ezeli,C-PF,12.35,-,3.29,34.00,33.50,18.00,2012
Drew Gordon,PF,11.35,-,3.49,29.00,34.00,10.00,2012
JaMychal Green,PF,10.63,-,3.38,29.50,32.50,19.00,2012
Draymond Green,PF-SF,11.01,-,3.40,28.00,33.00,9.00,2012
Maurice Harkless,SF,10.87,-,3.25,32.50,37.00,5.00,2012
John Henson,PF,-,-,-,25.50,30.00,5.00,2012
Tu Holloway,PG,11.00,-,3.42,28.00,35.00,12.00,2012
Robbie Hummel,SF,11.56,-,3.41,27.50,30.00,13.00,2012
Bernard James,PF,11.84,-,3.40,30.00,32.50,6.00,2012
John Jenkins,SG,11.36,-,3.37,30.50,36.50,10.00,2012
Orlando Johnson,SG,10.98,-,3.25,32.00,39.50,13.00,2012
Darius Johnson-Odom,SG,10.76,-,3.21,33.50,41.50,17.00,2012
Terrence Jones,PF-SF,11.57,-,3.40,29.50,34.50,12.00,2012
Kevin Jones,PF,11.94,-,3.60,27.50,32.50,17.00,2012
Perry Jones,PF-SF,11.31,-,3.19,33.00,38.50,11.00,2012
Kris Joseph,SG,-,-,3.46,28.50,35.00,6.00,2012
Michael Kidd-Gilchrist,SF,11.77,-,3.18,32.00,35.50,6.00,2012
Doron Lamb,SG-PG,11.12,-,3.41,29.00,33.50,2.00,2012
Jeremy Lamb,SG,10.98,-,3.25,31.50,38.00,5.00,2012
Meyers Leonard,C,11.34,-,3.41,30.00,32.50,19.00,2012
Damian Lillard,PG,11.15,-,3.34,34.50,39.50,13.00,2012
Scott Machado,PG,11.26,-,3.30,27.00,32.50,17.00,2012
Kendall Marshall,PG,12.03,-,3.23,31.00,37.00,-,2012
Fab Melo,C,12.14,-,3.44,29.50,31.00,9.00,2012
Khris Middleton,SF,11.45,-,3.47,28.00,31.00,4.00,2012
Darius Miller,SF-SG,11.34,-,3.31,33.00,37.00,14.00,2012
Quincy Miller,SF,11.05,-,3.48,30.50,36.00,8.00,2012
Tony Mitchell,SG,11.72,-,3.47,31.50,40.00,14.00,2012
Arnett Moultrie,PF,11.32,-,3.22,33.50,37.50,10.00,2012
Kevin Murphy,SG,10.97,-,3.42,31.00,36.50,11.00,2012
Andrew Nicholson,PF,11.89,-,3.67,28.50,30.50,10.00,2012
Kyle O'Quinn,PF,11.65,-,3.53,31.50,31.50,-,2012
Miles Plumlee,PF-C,10.64,-,3.36,34.00,40.50,15.00,2012
Austin Rivers,SG-PG,11.54,-,3.32,32.50,37.50,1.00,2012
Thomas Robinson,PF,11.96,-,3.17,28.50,35.50,15.00,2012
Terrence Ross,SG-SF,11.78,-,3.28,31.00,37.50,2.00,2012
Tomas Satoransky,PG-SG,-,-,-,-,-,-,2012
Mike Scott,PF,11.59,-,3.44,27.00,32.50,14.00,2012
Henry Sims,C-PF,12.33,-,3.44,26.50,29.50,7.00,2012
Jared Sullinger,PF,12.77,-,3.81,29.50,31.00,9.00,2012
Tyshawn Taylor,PG,11.48,-,3.20,32.00,36.50,0.00,2012
Jordan Taylor,PG,10.57,-,3.19,33.00,36.50,14.00,2012
Jeff Taylor,SF-SG,10.87,-,3.29,33.50,40.00,15.00,2012
Marquis Teague,PG,10.65,-,3.19,32.50,40.50,8.00,2012
Hollis Thompson,SF,11.72,-,3.38,28.50,36.50,6.00,2012
Dion Waiters,SG,-,-,-,-,-,-,2012
Royce White,PF,-,-,-,-,-,-,2012
Tony Wroten,PG,10.75,-,3.24,30.00,35.50,0.00,2012
Tyler Zeller,PF-C,11.13,-,3.40,30.00,34.00,16.00,2012
Steven Adams,C,11.85,3.02,3.40,28.50,33.00,16.00,2013
Vander Blue,SG,10.40,2.70,3.14,28.00,37.50,4.00,2013
Lorenzo Brown,PG,11.78,3.24,3.40,28.00,34.00,8.00,2013
Reggie Bullock,SG-SF,11.33,3.30,3.31,31.00,36.50,11.00,2013
Trey Burke,PG,11.20,3.01,3.16,29.50,36.50,3.00,2013
Kentavious Caldwell-Pope,SG,10.60,3.20,3.12,29.00,34.50,7.00,2013
Isaiah Canaan,PG,10.98,2.89,3.22,33.00,40.50,16.00,2013
Jackie Carmichael,PF,11.83,3.07,3.35,30.00,32.00,13.00,2013
Michael Carter-Williams,PG,10.68,3.70,3.22,31.50,41.00,8.00,2013
Will Clyburn,SF-SG,11.68,3.12,3.38,28.00,34.50,3.00,2013
Robert Covington,SF-PF,11.69,3.10,3.34,29.50,36.00,9.00,2013
Allen Crabbe,SG,10.67,3.10,3.32,30.50,36.00,10.00,2013
Seth Curry,SG,-,-,-,-,-,-,2013
Brandon Davies,PF,11.22,3.14,3.50,26.00,31.50,7.00,2013
Dewayne Dedmon,C,12.75,3.26,3.40,28.00,32.50,8.00,2013
Gorgui Dieng,C,-,-,-,-,-,-,2013
James Ennis,SF,11.55,3.06,3.40,29.50,36.50,7.00,2013
Carrick Felix,SF-SG,11.16,3.09,3.25,32.00,38.50,15.00,2013
Jamaal Franklin,SG-SF,-,-,-,-,-,-,2013
Rudy Gobert,C,12.85,3.19,3.57,25.00,29.00,7.00,2013
Archie Goodwin,SG,10.75,3.41,3.27,30.00,36.00,1.00,2013
Erick Green,PG,-,-,-,-,-,5.00,2013
Tim Hardaway Jr.,SG,10.68,2.93,3.25,31.50,37.50,16.00,2013
Solomon Hill,SF,10.77,2.91,3.19,29.50,37.50,14.00,2013
Richard Howell,PF,-,-,-,-,-,-,2013
Colton Iverson,C,11.52,3.04,3.52,26.50,30.00,12.00,2013
Pierre Jackson,PG,-,-,-,-,-,-,2013
Grant Jerrett,PF,11.85,3.23,3.51,28.50,34.00,2.00,2013
Myck Kabongo,PG,10.64,2.86,3.44,27.50,33.50,2.00,2013
Kenny Kadji,PF-C,11.47,2.88,3.44,34.00,38.00,9.00,2013
Ryan Kelly,PF,-,-,-,-,-,-,2013
Shane Larkin,PG,10.64,3.03,3.08,34.50,44.00,12.00,2013
Ricky Ledo,SG,10.72,3.16,3.32,27.00,33.50,4.00,2013
Alex Len,C,-,-,-,-,-,-,2013
CJ Leslie,PF-SF,10.19,2.79,3.10,32.50,40.50,-,2013
Trevor Mbakwe,PF,12.01,2.97,3.32,30.00,36.50,21.00,2013
Ray McCallum,PG,10.82,3.08,3.25,30.50,40.00,5.00,2013
CJ McCollum,PG-SG,11.02,2.91,3.32,32.00,38.50,13.00,2013
Ben McLemore,SG,11.87,3.11,3.27,32.50,42.00,6.00,2013
Tony Mitchell,PF-SF,11.82,3.25,3.52,33.50,38.00,13.00,2013
Shabazz Muhammad,SF-SG,10.99,2.93,3.32,29.50,37.00,10.00,2013
Erik Murphy,PF,12.19,2.96,3.57,24.50,29.50,13.00,2013
Mike Muscala,C-PF,11.76,2.99,3.44,28.00,33.50,5.00,2013
Nerlens Noel,C,-,-,-,-,-,-,2013
Victor Oladipo,SG,10.69,3.14,3.25,33.00,42.00,15.00,2013
Kelly Olynyk,PF-C,11.42,2.99,3.59,24.50,29.50,5.00,2013
Brandon Paul,SG,11.16,2.90,3.37,33.50,39.50,15.00,2013
Norvel Pelle,PF-C,11.49,3.20,3.32,31.00,34.50,0.00,2013
Mason Plumlee,C-PF,10.89,2.76,3.29,30.50,36.00,14.00,2013
Otto Porter,SF,11.25,3.06,3.40,27.00,36.00,9.00,2013
Phil Pressey,PG,10.86,3.02,3.13,33.00,38.50,7.00,2013
Glen Rice,SF-SG,10.99,3.08,3.25,33.00,40.50,10.00,2013
Andre Roberson,PF-SF,11.36,3.02,3.34,30.00,36.50,10.00,2013
Dennis Schroder,PG,11.09,2.86,3.21,30.00,34.00,1.00,2013
Peyton Siva,PG,10.59,2.93,3.16,33.50,41.50,15.00,2013
Tony Snell,SF-SG,11.36,2.84,3.25,30.00,36.50,7.00,2013
James Southerland,SF-PF,10.90,3.03,3.38,29.00,32.00,5.00,2013
Adonis Thomas,SF,11.64,3.11,3.32,34.50,40.50,13.00,2013
Deshaun Thomas,SF,12.94,3.38,3.53,28.50,32.00,5.00,2013
Jeff Withey,C,12.49,3.29,3.47,26.50,29.00,10.00,2013
Nate Wolters,PG,-,-,-,-,-,8.00,2013
BJ Young,SG-PG,-,-,-,-,-,-,2013
Cody Zeller,C-PF,10.82,2.69,3.15,35.50,37.50,17.00,2013
Jordan Adams,SG,12.13,3.05,3.50,24.50,29.50,-,2014
Kyle Anderson,SF,-,-,-,-,-,-,2014
Thanasis Antetokounmpo,SF,11.39,3.05,3.18,31.50,39.50,-,2014
Jordan Bachynski,PF,12.15,3.03,3.36,29.00,33.00,-,2014
Cameron Bairstow,PF,11.39,3.09,3.37,31.00,33.50,-,2014
Khem Birch,PF,11.60,3.24,3.26,30.50,35.50,-,2014
Alec Brown,PF,12.05,2.91,3.48,27.00,30.00,-,2014
Markel Brown,SG,12.62,2.90,3.18,36.50,43.50,-,2014
Jabari Brown,SG,11.60,3.26,3.50,28.00,32.00,-,2014
Deonte Burton,PG,11.28,3.08,3.28,29.00,39.50,-,2014
Semaj Christon,PG,11.55,3.21,3.32,30.50,36.50,-,2014
Jordan Clarkson,PG,10.76,2.98,3.28,33.00,38.50,-,2014
Aaron Craft,PG,10.78,2.90,3.26,29.00,32.00,-,2014
DeAndre Daniels,SF,11.46,3.04,3.44,26.50,32.00,-,2014
Spencer Dinwiddie,PG,-,-,-,-,-,-,2014
Cleanthony Early,SF,11.15,2.96,3.18,34.00,40.00,-,2014
Melvin Ejim,SF,11.55,3.12,3.14,29.50,35.00,-,2014
Tyler Ennis,PG,11.12,2.84,3.30,29.00,36.00,-,2014
Dante Exum,SG,10.75,2.88,3.19,31.50,34.50,-,2014
C.J. Fair,SF,11.00,3.06,3.32,27.00,35.00,-,2014
Aaron Gordon,PF,10.81,2.76,3.27,32.50,39.00,-,2014
Jerami Grant,SF,-,-,-,-,-,-,2014
P.J. Hairston,SG,11.12,-,3.32,32.00,37.00,-,2014
Gary Harris,SG,-,-,-,-,-,-,2014
Joe Harris,SG,11.11,2.92,3.31,28.50,33.50,-,2014
Rodney Hood,SF,11.21,3.14,3.38,29.00,36.00,-,2014
Cory Jefferson,PF,12.63,3.39,3.36,33.00,37.50,-,2014
Nick Johnson,SG,10.80,2.95,3.27,33.50,41.50,-,2014
Sean Kilpatrick,SG,-,-,-,-,-,-,2014
Alex Kirk,PF,11.20,3.19,3.48,28.50,31.50,-,2014
Zach LaVine,PG,10.42,2.80,3.19,33.50,41.50,-,2014
Devyn Marble,SG,11.32,3.08,3.28,29.00,35.00,-,2014
James McAdoo,PF,11.61,2.91,3.28,29.50,34.00,-,2014
K.J. McDaniels,SF,12.71,3.20,3.10,33.00,37.00,-,2014
Doug McDermott,SF,11.10,3.15,3.29,28.50,36.50,-,2014
Jordan McRae,SG,11.07,3.15,3.39,27.50,34.50,-,2014
Shabazz Napier,PG,11.60,3.13,3.20,30.50,37.50,-,2014
Johnny O?Bryant III,PF,11.57,3.32,3.45,31.00,35.50,-,2014
Lamar Patterson,SG,11.63,3.13,3.45,27.50,32.50,-,2014
Adreian Payne,PF,-,-,-,-,-,-,2014
Elfrid Payton,PG,11.06,2.92,3.23,31.50,35.50,-,2014
Dwight Powell,PF,11.28,2.88,3.20,28.50,35.00,-,2014
Julius Randle,PF,11.45,3.14,3.27,29.00,35.50,-,2014
Glenn Robinson III,SF,11.22,3.04,3.15,36.50,41.50,-,2014
LaQuinton Ross,SF,11.97,3.52,3.44,25.00,31.00,-,2014
Marcus Smart,PG,10.82,2.96,3.26,33.00,36.00,-,2014
Russ Smith,PG,11.57,3.01,3.27,29.50,34.00,-,2014
Nik Stauskas,SG,10.79,2.92,3.27,29.00,35.50,-,2014
Jarnell Stokes,PF,11.92,3.20,3.26,31.00,36.00,-,2014
Xavier Thames,PG,11.48,3.02,3.48,29.00,32.50,-,2014
Noah Vonleh,PF,11.45,3.29,3.28,31.00,37.00,-,2014
T.J. Warren,SF,11.10,3.04,3.26,27.00,35.50,-,2014
C.J. Wilcox,SG,11.30,2.92,3.22,31.00,37.50,-,2014
Kendall Williams,PG,10.83,2.85,-,27.00,33.00,-,2014
Patric Young,PF,11.18,3.06,3.43,32.00,37.50,-,2014
James Young,SG,-,-,-,28.00,35.50,-,2014
Cliff Alexander,PF-C,-,-,-,-,-,-,2015
Justin Anderson,SF-SG,11.13,2.88,3.22,38.00,43.00,12.00,2015
Brandon Ashley,PF,11.21,3.35,3.58,31.50,35.50,9.00,2015
Ryan Boatright,PG,10.71,3.05,3.26,32.00,41.00,10.00,2015
Devin Booker,SG,10.27,2.75,3.28,27.50,34.50,8.00,2015
Anthony Brown,SF-SG,10.94,3.29,3.18,27.50,34.50,4.00,2015
Willie Cauley-Stein,C,-,-,-,-,-,-,2015
Rakeem Christmas,PF-C,11.60,3.30,3.47,29.00,32.00,9.00,2015
Pat Connaughton,SG,10.58,3.08,3.20,37.50,44.00,13.00,2015
Quinn Cook,PG,11.44,3.41,3.38,24.50,31.00,14.00,2015
Branden Dawson,PF,12.22,3.53,3.20,28.50,34.50,12.00,2015
Sam Dekker,SF,10.64,2.96,3.28,25.50,34.50,5.00,2015
Michael Frazier II,SG,10.66,3.02,3.32,27.00,35.00,10.00,2015
Treveon Graham,SF,11.64,3.15,3.30,28.50,31.50,11.00,2015
Jerian Grant,PG,-,-,-,-,-,-,2015
Olivier Hanlan,PG-SG,11.41,3.12,3.25,28.00,34.00,19.00,2015
Montrezl Harrell,PF,-,-,-,-,-,-,2015
Andrew Harrison,PG,11.20,-,3.34,26.50,33.00,-,2015
Aaron Harrison,SG,-,-,3.27,28.50,34.50,1.00,2015
Tyler Harvey,SG,10.56,2.93,3.44,26.00,28.50,1.00,2015
Corey Hawkins,SG-PG,10.81,-,3.51,28.50,34.00,9.00,2015
Rondae Hollis-Jefferson,SF,10.41,3.19,3.12,32.00,38.00,13.00,2015
Richaun Holmes,PF,11.24,3.31,3.32,32.50,36.00,15.00,2015
Jonathan Holmes,PF-SF,10.95,3.12,3.51,25.50,31.00,-,2015
R.J. Hunter,SG,10.87,2.91,3.26,27.50,33.50,1.00,2015
Vince Hunter,PF,11.19,3.06,3.26,33.50,37.50,13.00,2015
Dakari Johnson,C,11.76,2.94,3.62,22.50,25.00,4.00,2015
Stanley Johnson,SF,-,-,-,-,-,-,2015
Tyus Jones,PG,11.84,2.95,3.32,26.50,32.50,2.00,2015
Frank Kaminsky,C-PF,-,-,-,-,-,-,2015
Kevon Looney,PF,-,-,-,-,-,-,2015
Trey Lyles,PF,-,-,-,-,-,-,2015
Jarell Martin,PF,11.20,2.97,3.27,28.50,35.00,19.00,2015
TJ McConnell,PG,10.95,3.09,3.30,26.00,31.50,7.00,2015
Chris McCullough,PF,-,-,-,-,-,-,2015
Jordan Mickey,PF,11.72,3.13,3.28,33.00,37.50,9.00,2015
Larry Nance,PF,10.93,3.01,3.25,29.00,37.50,10.00,2015
Kelly Oubre,SF-SG,11.09,3.12,3.32,34.50,37.00,7.00,2015
Cameron Payne,PG,10.90,2.93,3.28,29.80,35.50,0.00,2015
Terran Petteway,SG,10.91,3.10,3.32,25.00,31.00,15.00,2015
Bobby Portis,PF,11.78,3.28,3.56,25.00,31.50,5.00,2015
Norman Powell,SG,10.69,3.20,3.20,32.50,40.50,5.00,2015
Michael Qualls,SG-SF,11.88,-,3.18,34.00,39.50,9.00,2015
Chasson Randle,PG,10.63,2.81,3.20,33.50,39.50,6.00,2015
Terry Rozier,PG-SG,10.84,2.84,3.15,33.00,38.00,7.00,2015
D?Angelo Russell,PG-SG,-,-,-,-,-,-,2015
Keifer Sykes,PG,10.47,3.15,3.13,34.00,43.00,8.00,2015
Marcus Thornton,PG-SG,10.78,2.88,3.02,34.50,43.00,3.00,2015
J.P. Tokoto,SF-SG,10.97,3.20,3.27,34.50,40.00,12.00,2015
Myles Turner,C-PF,-,-,-,-,-,-,2015
Robert Upshaw,C,-,-,-,-,-,-,2015
Rashad Vaughn,SG,11.40,3.10,3.21,28.00,34.00,5.00,2015
Chris Walker,PF,11.25,3.41,3.35,30.50,37.00,6.00,2015
Dez Wells,SG,10.56,3.05,3.20,31.50,39.00,15.00,2015
Alan Williams,PF,12.26,3.54,3.50,25.50,28.50,8.00,2015
Justise Winslow,SF,-,-,-,-,-,-,2015
Christian Wood,PF,-,-,-,-,-,-,2015
Delon Wright,PG,11.16,3.50,3.29,29.50,31.00,4.00,2015
Ron Baker,SG,10.77,2.96,3.45,30.00,35.50,-,2016
Wade Baldwin IV,PG,10.45,3.01,3.19,32.50,38.00,-,2016
Cat Barber,PG,-,-,-,-,-,-,2016
Malik Beasley,SG,-,0.00,-,-,-,-,2016
DeAndre Bembry,SG-SF,10.90,2.87,3.17,32.00,38.00,-,2016
Ben Bentil,PF,11.16,3.10,3.30,29.00,33.00,-,2016
Jaron Blossomgame,SF,11.53,3.26,3.20,35.00,41.00,-,2016
Joel Bolomboy,PF,10.26,2.86,3.17,37.50,40.50,-,2016
Malcolm Brogdon,SG,10.77,2.64,3.31,30.50,35.50,-,2016
Jaylen Brown,SG-SF,-,-,-,-,-,-,2016
Marquese Chriss,PF,11.93,3.05,3.26,32.50,38.50,-,2016
Elgin Cook,SF,-,-,-,-,-,-,2016
Isaiah Cousins,PG,10.79,2.97,3.24,30.50,37.00,-,2016
Deyonta Davis,PF,-,-,-,-,-,-,2016
Cheick Diallo,PF,11.24,3.30,3.26,31.00,35.00,-,2016
Kris Dunn,PG,-,-,-,-,-,-,2016
Henry Ellenson,PF,-,-,-,-,-,-,2016
Perry Ellis,PF,10.73,3.03,3.13,32.00,38.00,-,2016
Kay Felder,PG,11.52,2.90,3.15,35.50,44.00,-,2016
Dorian Finney-Smith,SF,11.01,3.04,3.27,32.50,35.50,-,2016
Michael Gbinije,SG,11.00,3.19,3.12,33.50,37.50,-,2016
Daniel Hamilton,SG-SF,11.48,3.20,3.40,26.00,29.00,-,2016
Josh Hart,SG,11.15,3.15,3.20,29.50,38.50,-,2016
Nigel Hayes,SF-PF,12.11,2.90,3.20,25.50,28.50,-,2016
Buddy Hield,SG,-,-,-,-,-,-,2016
Justin Jackson,SF,11.32,2.96,3.26,29.50,34.50,-,2016
Demetrius Jackson,PG,10.81,2.87,3.25,37.50,43.50,-,2016
Brice Johnson,PF,11.88,2.94,3.20,33.50,38.00,-,2016
Damian Jones,C,11.35,3.12,3.20,36.00,37.00,-,2016
Skal Labissiere,PF-C,-,-,-,-,-,-,2016
Jake Layman,SF,11.35,2.82,3.24,33.00,39.50,-,2016
Caris LeVert,SG,-,-,-,-,-,-,2016
Marcus Lee,PF-C,11.68,3.19,3.25,28.50,35.50,-,2016
Thon Maker,PF,11.15,3.09,3.33,32.00,36.50,-,2016
Patrick McCaw,PG-SG,11.01,2.97,3.30,30.00,38.00,-,2016
Malik Newman,SG,10.88,3.11,3.28,30.00,35.50,-,2016
Georges Niang,PF,11.64,3.17,3.49,25.00,31.00,-,2016
Chinanu Onuaku,C,11.65,3.00,3.50,27.50,33.50,-,2016
Marcus Paige,PG,10.82,2.69,3.15,33.50,39.50,-,2016
Gary Payton II,PG,11.57,3.17,3.23,31.50,38.50,-,2016
Jakob Poeltl,C,-,-,-,-,-,-,2016
Taurean Prince,SF,10.96,2.80,3.24,34.00,36.00,-,2016
Zhou Qi,PF-C,11.27,2.90,3.46,31.50,32.00,-,2016
Malachi Richardson,SG-SF,10.56,3.25,3.33,33.00,38.00,-,2016
Wayne Selden,SG,-,-,-,-,-,-,2016
Pascal Siakam,PF,11.25,3.09,3.41,30.50,36.50,-,2016
Diamond Stone,C,12.02,3.22,3.50,27.00,29.50,-,2016
Caleb Swanigan,PF,12.80,-,-,26.00,29.00,-,2016
Melo Trimble,PG,10.57,2.77,3.20,26.50,35.50,-,2016
Tyler Ulis,PG,10.80,2.88,3.20,32.50,38.00,-,2016
Jarrod Uthoff,PF,11.52,3.03,3.50,29.00,34.50,-,2016
Denzel Valentine,SG-SF,10.51,3.22,3.46,27.00,32.00,-,2016
Isaiah Whitehead,PG-SG,11.65,3.21,3.34,27.50,35.50,-,2016
Troy Williams,SF,10.72,3.08,3.35,30.00,36.00,-,2016
Kyle Wiltjer,PF,11.35,3.04,3.48,28.50,35.50,-,2016
Stephen Zimmerman,C,12.08,3.16,3.43,26.00,31.00,-,2016
Edrice Adebayo,PF-C,11.94,3.24,3.24,33.50,38.50,12.00,2017
Rawle Alkins,SG-SF,11.99,3.18,3.30,31.50,40.50,7.00,2017
Jarrett Allen,C,11.82,3.00,3.21,31.50,35.50,4.00,2017
Kadeem Allen,PG,11.24,2.98,3.15,33.00,35.50,7.00,2017
Ike Anigbogu,C,12.52,3.48,3.44,29.50,32.50,11.00,2017
OG Anunoby,SF,-,-,-,-,-,-,2017
Jamel Artis,SG-SF,11.62,3.08,3.44,23.50,31.00,5.00,2017
Dwayne Bacon,SG-SF,11.70,3.22,3.22,30.00,36.50,8.00,2017
V.J. Beachem,SG-SF,11.18,3.19,3.26,30.00,37.00,11.00,2017
Jordan Bell,PF,10.63,2.83,3.21,31.50,38.00,16.00,2017
Jaron Blossomgame,SF,11.47,3.35,3.17,31.00,35.50,16.00,2017
Chris Boucher,PF,-,-,-,-,-,-,2017
Tony Bradley,C,11.79,2.99,3.44,24.50,27.50,5.00,2017
Isaiah Briscoe,PG,10.95,2.85,3.38,28.00,33.50,11.00,2017
Dillon Brooks,SG-SF,11.14,3.24,3.21,31.00,37.50,16.00,2017
Thomas Bryant,PF-C,11.42,3.12,3.37,25.50,33.00,7.00,2017
Zach Collins,PF-C,-,-,-,-,-,-,2017
John Collins,PF,11.66,3.27,3.27,33.00,37.50,15.00,2017
Hamidou Diallo,SG-SF,10.88,2.79,3.11,34.50,44.50,0.00,2017
Tyler Dorsey,SG,10.55,2.98,3.16,30.50,36.00,8.00,2017
Damyean Dotson,SG-SF,11.18,3.03,3.13,31.50,38.00,13.00,2017
PJ Dozier,SG,10.84,2.98,3.15,34.00,39.00,9.00,2017
Jawun Evans,PG,11.34,3.26,3.21,27.50,33.50,1.00,2017
Terrance Ferguson,SG-SF,11.16,3.22,3.32,28.50,38.00,-,2017
De?Aaron Fox,PG,-,-,-,-,-,-,2017
Markelle Fultz,PG,-,-,-,-,-,-,2017
Harry Giles,PF,11.08,3.00,3.34,27.00,32.50,5.00,2017
Josh Hart,SG-SF,11.15,3.02,3.18,27.50,35.50,9.00,2017
Nigel Hayes,PF,11.81,2.94,3.27,29.00,33.50,16.00,2017
Isaiah Hicks,PF,12.31,3.31,3.36,31.50,37.00,11.00,2017
Wesley Iwundu,SG-SF,11.25,3.23,3.36,31.50,36.00,5.00,2017
Frank Jackson,PG,10.94,2.70,3.14,34.50,42.00,9.00,2017
Justin Jackson (UMD),SF,11.78,3.08,3.43,26.50,31.50,-,2017
Justin Jackson (UNC),SF,10.80,3.06,3.30,29.50,35.50,-,2017
Peter Jok,SG-SF,11.34,2.93,3.41,26.50,31.00,-,2017
Luke Kennard,SG-SF,-,-,-,-,-,-,2017
Kyle Kuzma,SF-SG,10.72,2.98,3.25,27.00,34.00,12.00,2017
TJ Leaf,PF,11.55,3.27,3.27,29.00,34.50,6.00,2017
Tyler Lydon,PF,11.68,2.81,3.46,29.50,33.50,1.00,2017
Frank Mason III,PG,11.41,3.09,3.18,34.00,41.00,15.00,2017
Kennedy Meeks,C,12.91,3.35,3.50,28.00,30.50,15.00,2017
Donovan Mitchell,SG,11.53,3.07,3.01,36.50,40.50,10.00,2017
Monte Morris,PG,11.00,3.20,3.19,28.00,33.50,8.00,2017
Johnathan Motley,PF,-,-,-,-,-,-,2017
Svi Mykhailiuk,SG-SF,12.40,3.25,3.53,27.00,33.00,8.00,2017
Semi Ojeleye,SF-SG,10.58,3.07,3.16,35.00,40.50,19.00,2017
Cameron Oliver,PF,12.17,3.31,3.16,28.00,39.50,5.00,2017
Justin Patton,C,11.80,3.31,3.46,26.00,30.50,-,2017
Alec Peters,PF,-,-,-,-,-,-,2017
Ivan Rabb,PF,12.68,3.23,3.35,28.50,32.50,3.00,2017
Davon Reed,SG-SF,11.37,3.21,3.34,28.50,36.00,12.00,2017
Devin Robinson,SF,12.85,3.61,3.23,35.50,41.50,10.00,2017
Kobi Simmons,PG,11.15,2.98,3.18,30.50,38.50,3.00,2017
Edmond Sumner,PG,-,-,-,-,-,-,2017
Caleb Swanigan,PF,-,-,-,-,-,-,2017
Sindarius Thornwell,SG-SF,11.48,3.03,3.36,27.00,30.50,15.00,2017
Melo Trimble,PG,10.75,2.92,3.27,24.50,32.00,6.00,2017
Moritz Wagner,PF,12.00,2.98,3.35,25.50,32.50,-,2017
Derrick Walton Jr.,PG,11.28,3.12,3.29,26.00,32.50,9.00,2017
Thomas Welsh,PF-C,-,-,-,-,-,11.00,2017
Derrick White,PG,10.84,2.92,3.08,31.00,36.50,10.00,2017
Nigel Williams-Goss,PG,10.42,3.08,3.19,27.50,34.50,10.00,2017
D.J. Wilson,PF,-,-,-,-,-,-,2017
Omer Yurtseven,C,12.85,3.30,3.45,26.00,31.50,6.00,2017
Rawle Alkins,SG,11.50,3.09,3.15,32.50,40.50,10.00,2018
Grayson Allen,SG,10.31,3.04,3.15,32.50,40.50,-,2018
Kostas Antetokounmpo,PF,12.48,3.48,3.21,29.50,35.00,0.00,2018
Udoka Azubuike,C,12.97,3.65,3.12,31.00,31.50,11.00,2018
Mohamed Bamba,C,-,-,-,-,-,-,2018
Jaylen Barford,PG-SG,11.39,3.21,3.31,27.00,33.00,7.00,2018
Keita Bates-Diop,SG-SF,11.20,3.28,3.17,30.50,35.00,11.00,2018
Tyus Battle,SG,11.04,2.87,3.07,32.00,37.50,9.00,2018
Brian Bowen,SG-SF,11.58,3.33,3.28,30.50,34.00,0.00,2018
Miles Bridges,SF,-,-,-,-,-,-,2018
Bruce Brown,SG-PG,11.11,3.44,3.20,32.50,38.00,17.00,2018
Troy Brown,SF,11.51,3.29,3.33,26.00,33.00,5.00,2018
Jalen Brunson,PG,10.59,3.11,3.15,29.00,37.00,7.00,2018
Tony Carr,PG,11.89,3.40,3.17,25.00,31.50,0.00,2018
Jevon Carter,PG,11.04,3.05,3.18,29.00,36.50,14.00,2018
Wendell Carter,C-PF,-,-,-,-,-,-,2018
Donte DiVincenzo,SG,10.72,3.12,3.11,34.50,42.00,12.00,2018
Hamidou Diallo,SG,10.53,3.14,3.10,32.50,40.50,1.00,2018
Trevon Duval,PG,10.93,3.09,3.18,34.00,41.50,6.00,2018
Carsen Edwards,PG,11.59,3.15,3.20,28.50,34.50,12.00,2018
Keenan Evans,PG,-,-,-,-,-,-,2018
Jacob Evans,SG-SF,11.11,3.14,3.20,28.00,35.50,8.00,2018
Bruno Fernando,C,12.19,3.03,3.23,29.00,35.00,11.00,2018
Melvin Frazier,SF-SG,11.24,3.08,3.08,31.00,40.50,0.00,2018
Shai Gilgeous-Alexander,PG,-,-,-,-,-,-,2018
Devonte Graham,PG,11.28,3.15,3.21,31.00,37.00,14.00,2018
Isaac Haas,C,-,-,-,-,-,-,2018
Devon Hall,SG,10.95,3.16,3.27,25.00,31.00,6.00,2018
Jaylen Hands,PG,12.11,3.16,3.13,31.50,39.50,6.00,2018
Kevin Hervey,PF,11.28,3.15,3.36,27.50,32.00,4.00,2018
Aaron Holiday,PG,10.96,3.22,3.27,25.50,33.00,-,2018
Kevin Huerter,SG,10.89,2.97,3.09,31.00,38.00,9.00,2018
Jaren Jackson,PF-C,-,-,-,-,-,-,2018
Justin Jackson,PF,-,-,-,-,-,-,2018
Alize Johnson,PF,11.83,3.28,3.38,25.00,31.00,8.00,2018
George King,SF-SG,10.75,3.08,3.29,31.00,39.00,15.00,2018
Kevin Knox,SF,-,-,-,-,-,-,2018
Sagaba Konate,C,12.28,3.36,3.28,31.50,35.00,12.00,2018
Caleb Martin,SF-SG,10.43,2.75,3.26,29.00,36.50,6.00,2018
Cody Martin,SG-SF,10.64,3.05,3.09,29.00,36.50,4.00,2018
Yante Maten,PF-C,11.35,3.13,3.17,27.00,31.50,18.00,2018
Brandon McCoy,C,11.77,3.31,3.23,27.50,32.00,9.00,2018
DeAnthony Melton,SG-PG,11.48,3.33,3.23,31.00,36.50,1.00,2018
Chimezie Metu,PF-C,11.89,3.25,3.33,29.50,36.00,5.00,2018
Shake Milton,SG-PG,11.07,3.19,3.25,30.00,33.00,2.00,2018
Sviatoslav Mykhailiuk,SG-SF,11.25,3.18,3.15,30.50,37.00,4.00,2018
Malik Newman,SG,10.90,3.18,3.13,27.50,33.50,-,2018
Josh Okogie,SG,11.08,3.03,3.04,33.00,42.00,12.00,2018
Theo Pinson,SG-SF,11.53,3.11,3.22,27.00,34.00,7.00,2018
Jontay Porter,C-PF,11.90,3.07,3.40,25.50,31.00,9.00,2018
Michael Porter,SF-PF,-,-,-,-,-,-,2018
Billy Preston,PF,11.26,3.35,3.20,25.00,33.00,0.00,2018
Jerome Robinson,SG,-,-,-,-,-,-,2018
Collin Sexton,PG,-,-,-,-,-,-,2018
Landry Shamet,PG,11.26,3.21,3.11,31.00,39.50,8.00,2018
Anfernee Simons,SG-PG,11.27,3.16,3.10,32.00,41.50,1.00,2018
Zhaire Smith,SF-SG,11.02,3.15,3.05,33.00,41.50,10.00,2018
Ray Spalding,PF,11.48,3.20,3.34,26.00,32.00,12.00,2018
Omari Spellman,PF-C,12.28,3.35,3.38,28.50,35.50,8.00,2018
Khyri Thomas,SG,10.96,3.18,3.18,30.00,35.00,14.00,2018
Gary Trent,SG,11.37,2.99,3.12,33.50,39.50,12.00,2018
Allonzo Trier,SG,11.02,2.97,3.14,32.00,40.00,11.00,2018
Moritz Wagner,C-PF,11.48,3.07,3.18,27.00,34.00,8.00,2018
Lonnie Walker,SG,10.87,2.91,3.06,31.50,40.00,12.00,2018
PJ Washington,PF,11.39,3.43,3.20,27.00,34.00,3.00,2018
Austin Wiley,C,12.79,3.27,3.30,28.00,33.50,14.00,2018
Kris Wilkes,SF,11.29,3.16,3.24,28.00,35.50,1.00,2018
Kenrich Williams,SF,10.86,3.28,3.19,28.00,33.00,14.00,2018
Trae Young,PG,-,-,-,-,-,-,2018
Nickeil Alexander-Walker,SG,-,-,-,-,-,-,2019
RJ Barrett,SF,-,-,-,-,-,-,2019
Charles Bassey,C,12.65,3.27,3.53,29.00,33.00,7.00,2019
Darius Bazley,PF,11.09,2.95,3.27,30.50,37.00,4.00,2019
Bol Bol,C,-,-,-,-,-,-,2019
Jordan Bone,SG,9.97,2.78,3.08,36.00,42.50,7.00,2019
Brian Bowen II,SF,10.98,3.21,3.26,32.00,35.50,1.00,2019
Ky Bowman,PG,11.11,3.11,3.26,27.50,33.00,4.00,2019
Ignas Brazdeikis,SF,11.06,3.17,3.36,31.00,36.50,13.00,2019
O'Shae Brissett,SF-PF,11.30,3.18,3.48,34.00,37.50,11.00,2019
Moses Brown,C,11.95,3.30,3.51,27.00,31.00,-,2019
Brandon Clarke,SF,10.61,3.05,3.15,34.00,40.50,10.00,2019
Nicolas Claxton,C,11.26,3.47,3.36,31.50,36.50,8.00,2019
Tyler Cook,PF,11.32,3.10,3.28,27.50,32.00,11.00,2019
Jarrett Culver,SG,-,-,-,-,-,-,2019
Terence Davis,SG,10.69,2.96,3.28,29.50,34.00,13.00,2019
Luguentz Dort,PG,10.79,3.13,3.22,32.50,38.00,14.00,2019
Devon Dotson,PG,10.63,2.80,3.04,30.00,38.50,7.00,2019
Carsen Edwards,PG,10.53,2.82,3.22,28.50,34.00,14.00,2019
Tacko Fall,C,13.01,3.46,3.78,22.00,26.50,8.00,2019
Bruno Fernando,C,11.29,3.05,3.21,29.50,33.50,13.00,2019
Daniel Gafford,PF,11.61,3.19,3.25,32.50,36.50,5.00,2019
Darius Garland,PG,-,-,-,-,-,-,2019
Quentin Grimes,SG,10.83,3.28,3.20,27.50,36.00,6.00,2019
Kyle Guy,SG,10.48,3.07,3.27,30.50,36.50,4.00,2019
Jaylen Hands,PG,10.73,3.03,3.12,33.00,41.50,6.00,2019
Jared Harper,PG,10.77,3.02,3.04,33.50,40.50,8.00,2019
Jaxson Hayes,PF,11.74,3.23,3.37,27.00,34.50,5.00,2019
Dewan Hernandez,C,11.46,3.25,3.28,30.50,35.50,13.00,2019
Tyler Herro,SG,-,-,-,-,-,-,2019
Jalen Hoard,PF,11.44,3.32,3.34,27.50,35.50,8.00,2019
Talen Horton-Tucker,SG,11.34,3.43,3.34,26.00,34.50,10.00,2019
De'Andre Hunter,,-,-,-,-,-,-,2019
DaQuan Jeffries,SF-PF,-,-,-,-,-,-,2019
Ty Jerome,PG,11.21,3.12,3.40,26.00,31.50,2.00,2019
Keldon Johnson,SG,-,-,-,-,-,-,2019
Cameron Johnson,SG,10.52,3.28,3.26,30.50,36.50,-,2019
Mfiondu Kabengele,PF,11.21,3.30,3.25,28.00,35.50,6.00,2019
Louis King,SF,10.99,3.05,3.28,29.00,33.00,0.00,2019
Romeo Langford,SG,-,-,-,-,-,-,2019
Dedric Lawson,PF,11.80,3.54,3.60,23.50,26.00,10.00,2019
Jalen Lecque,PG,11.09,3.30,3.29,35.00,43.00,1.00,2019
Nassir Little,SF,12.15,3.10,3.24,31.00,38.50,5.00,2019
Terance Mann,SG-SF,11.51,3.14,3.30,32.50,38.50,6.00,2019
Cody Martin,PG-SG,10.44,2.99,3.32,28.00,35.50,7.00,2019
Charles Matthews,SG,11.26,3.24,3.38,29.50,37.50,9.00,2019
Jalen McDaniels,SF,11.54,3.23,3.32,29.50,33.50,0.00,2019
Ja Morant,PG,-,-,-,-,-,-,2019
Zach Norvell Jr.,SG,11.60,3.34,3.43,24.00,30.00,-,2019
Jaylen Nowell,SG,10.76,3.13,3.23,32.00,38.50,2.00,2019
Jordan Nwora,PF,-,-,-,-,-,-,2019
Chuma Okeke,,-,-,-,-,-,-,2019
KZ Okpala,SF,10.88,3.13,3.38,30.50,37.00,9.00,2019
Miye Oni,SG,11.71,3.12,3.17,30.50,38.50,19.00,2019
Eric Paschall,SF,11.63,3.26,3.30,33.00,38.00,18.00,2019
Reggie Perry,SF-PF,12.46,3.40,3.30,28.50,31.50,15.00,2019
Shamorie Ponds,PG,11.01,3.07,3.20,29.00,37.00,0.00,2019
Jordan Poole,SG,10.59,3.14,3.27,28.00,35.50,-,2019
Jontay Porter,PF,-,-,-,-,-,-,2019
Kevin Porter Jr.,SG,10.82,3.03,3.14,27.00,34.00,2.00,2019
Neemias Queta,C,12.04,3.45,3.73,24.00,32.50,1.00,2019
Cameron Reddish,SF,-,-,-,-,-,-,2019
Naz Reid,PF,12.03,3.76,3.42,26.00,32.50,3.00,2019
Isaiah Roby,PF,10.63,3.05,3.25,32.50,35.50,9.00,2019
Luka Samanic,PF,11.01,3.03,3.27,27.00,38.00,7.00,2019
Admiral Schofield,SF,10.77,2.87,3.37,30.00,34.00,15.00,2019
Marial Shayok,SF-PF,11.16,3.04,3.37,29.50,36.50,9.00,2019
Simisola Shittu,PF,11.85,3.24,3.30,27.00,35.50,11.00,2019
Killian Tillie,,-,-,-,-,-,-,2019
P.J. Washington,PF,-,-,-,-,-,-,2019
Tremont Waters,PG,10.76,3.11,3.07,30.50,40.50,5.00,2019
Quinndary Weatherspoon,SG,11.57,3.15,3.16,31.00,38.00,-,2019
Coby White,PG,-,-,-,-,-,-,2019
Kris Wilkes,SF,10.39,3.09,3.34,27.50,35.00,4.00,2019
Grant Williams,PF,10.83,3.27,3.33,26.00,31.50,20.00,2019
Zion Williamson,PF,-,-,-,-,-,-,2019
Dylan Windler,SF,10.70,2.94,3.30,29.00,37.50,8.00,2019
Precious Achiuwa,PF,-,-,-,-,-,-,2020
Ty-Shon Alexander,SG,11.33,2.47,3.26,28.00,33.00,-,2020
Udoka Azubuike,C,11.82,3.61,3.23,37.00,41.00,-,2020
Tyler Bey,PF,11.35,2.75,3.17,37.00,43.50,-,2020
Yoeli Childs,PF,10.87,2.42,3.22,34.00,38.50,-,2020
Mamadi Diakite,PF,11.95,2.71,3.16,28.00,37.00,-,2020
Devon Dotson,PG,10.44,2.22,3.02,31.50,40.50,-,2020
Paul Eboua,SF-PF,10.79,2.44,3.19,33.00,35.50,-,2020
CJ Elleby,SG-SF,11.25,2.63,3.25,30.50,36.50,-,2020
Trent Forrest,PG,11.04,2.50,3.18,28.00,34.50,-,2020
Josh Green,SG-SF,10.64,2.28,3.12,30.50,39.50,-,2020
Ashton Hagans,PG,10.82,2.50,3.13,29.50,36.50,-,2020
Joshua Hall,SF,12.16,2.62,3.38,31.50,37.50,-,2020
Jalen Harris,SG,10.59,2.49,3.11,37.50,42.50,-,2020
Markus Howard,PG,11.21,3.17,3.11,30.50,35.50,-,2020
Elijah Hughes,SF-SG,-,-,-,-,-,-,2020
Isaiah Joe,SG,-,-,-,-,-,-,2020
Mason Jones,SG,10.60,2.49,3.33,24.00,31.00,-,2020
Nathan Knight,PF-C,11.56,2.96,3.31,23.00,31.50,-,2020
Theo Maledon,PG,-,-,-,-,-,-,2020
Karim Mane,PG-SG,11.52,2.64,3.04,31.00,36.00,-,2020
Naji Marshall,SF,11.77,2.90,3.37,28.50,35.00,-,2020
Kenyon Martin Jr.,SF-PF,11.93,2.58,3.16,31.50,38.50,-,2020
Skylar Mays,SG,10.65,2.40,3.30,29.00,37.50,-,2020
Zeke Nnaji,PF-C,10.94,2.72,3.20,33.00,38.00,-,2020
Jordan Nwora,SF-PF,11.29,2.66,3.43,29.00,35.00,-,2020
Reggie Perry,PF-C,11.26,2.57,3.25,30.00,33.50,-,2020
Myles Powell,PG-SG,-,-,-,-,-,-,2020
Immanuel Quickley,SG,11.21,2.46,3.17,29.50,35.50,-,2020
Jahmi'us Ramsey,SG,-,-,-,-,-,-,2020
Paul Reed Jr.,PF,12.29,2.67,3.45,26.50,37.50,-,2020
Nick Richards,C,11.42,2.92,3.25,30.00,34.00,-,2020
Grant Riller,PG-SG,11.17,2.45,3.07,32.50,39.50,-,2020
Jayden Scrubb,SG-SF,-,-,-,-,-,-,2020
Jalen Smith,PF-C,-,-,-,-,-,-,2020
Cassius Stanley,SG,11.40,2.43,3.09,34.50,44.00,-,2020
Lamar Stevens,SF-PF,10.35,2.54,3.20,35.00,41.00,-,2020
Isaiah Stewart,C,-,-,-,-,-,-,2020
Tyrell Terry,PG,10.78,2.59,3.28,30.00,34.00,-,2020
Killian Tillie,PF,11.60,2.62,3.40,27.50,32.00,-,2020
Xavier Tillman Sr.,PF-C,11.80,3.01,3.49,26.00,32.50,-,2020
Kaleb Wesson,C,11.73,2.64,3.60,21.50,27.00,-,2020
Kahlil Whitney,SF,11.17,2.61,3.28,29.00,39.00,-,2020
Cassius Winston,PG,11.15,2.74,3.61,24.00,28.00,-,2020
Robert Woodard II,SF,11.10,2.49,3.18,32.00,38.00,-,2020
Max Abmas,PG,10.90,3.49,3.12,28.50,32.50,-,2021
Ochai Agbaji,SG,10.88,3.10,3.13,32.00,41.50,-,2021
Marcus Bagley,SF,12.26,3.10,3.17,32.50,38.50,-,2021
Scottie Barnes,SF,10.88,2.99,3.15,36.00,39.50,-,2021
Charles Bassey,C,12.19,3.33,3.13,33.00,36.00,-,2021
Brandon Boston Jr.,SF,-,-,-,-,-,-,2021
James Bouknight,SG,-,-,-,-,-,-,2021
Greg Brown III,PF,10.98,2.98,3.19,33.50,39.00,-,2021
Jared Butler,PG,-,-,-,-,-,-,2021
Julian Champagnie,SF,12.38,3.20,3.20,26.00,32.00,-,2021
Justin Champagnie,PF,11.94,3.14,3.34,27.00,35.00,-,2021
Josh Christopher,SG,11.32,3.30,3.14,29.50,37.50,-,2021
Sharife Cooper,PG,-,-,-,-,-,-,2021
Cade Cunningham,PG,-,-,-,-,-,-,2021
Ayo Dosunmu,SG,11.51,3.27,3.23,27.00,33.50,-,2021
David Duke Jr.,SG,11.21,3.19,3.08,30.00,39.00,-,2021
Kessler Edwards,PF,11.30,3.38,3.25,28.00,37.00,-,2021
Luka Garza,C,11.90,3.38,3.51,24.00,29.50,-,2021
RaiQuan Gray,PF,11.69,3.30,3.25,26.50,31.50,-,2021
Jalen Green,SG,-,-,-,-,-,-,2021
Quentin Grimes,SG,11.09,3.33,3.07,30.50,38.50,-,2021
Sam Hauser,SF,11.14,3.07,3.34,28.50,34.50,-,2021
Aaron Henry,SF,11.68,3.18,3.07,29.00,35.00,-,2021
Ariel Hukporti,C,12.20,3.53,3.12,24.50,31.00,-,2021
Matt Hurt,PF,11.44,3.25,3.34,25.50,32.50,-,2021
Nah'Shon Hyland,SG,10.53,3.17,3.10,26.50,34.00,-,2021
Isaiah Jackson,C,-,-,-,-,-,-,2021
David Johnson,SG,12.02,3.20,3.03,33.00,39.00,-,2021
Jalen Johnson,PF,-,-,-,-,-,-,2021
Keon Johnson,SG,11.45,3.20,3.00,41.50,48.00,-,2021
Carlik Jones,PG,10.96,3.23,3.16,31.50,36.00,-,2021
Kai Jones,PF,-,-,-,-,-,-,2021
Herbert Jones,SF,11.02,3.17,3.25,28.50,36.50,-,2021
Johnny Juzang,SG,11.13,3.08,3.13,31.00,36.50,-,2021
Corey Kispert,SF,10.91,2.99,3.12,30.00,37.50,-,2021
Jonathan Kuminga,SF,-,-,-,-,-,-,2021
AJ Lawson,SG-SF,11.00,3.01,2.98,33.00,41.00,-,2021
Scottie Lewis,SF,10.45,3.03,2.98,34.00,42.00,-,2021
Isaiah Livers,SF,-,-,-,-,-,-,2021
Makur Maker,C,11.87,3.28,3.34,25.50,31.00,-,2021
Sandro Mamukelashvili,C,11.63,3.30,3.21,30.50,36.50,-,2021
Tre Mann,PG,-,-,-,-,-,-,2021
Matthew Mayer,PF,-,-,-,-,-,-,2021
Miles McBride,PG,11.08,3.13,3.10,31.00,38.50,-,2021
Davion Mitchell,PG,-,-,-,-,-,-,2021
Evan Mobley,PF,-,-,-,-,-,-,2021
Isaiah Mobley,PF,12.70,3.50,3.30,26.50,32.00,-,2021
Moses Moody,SG,-,-,-,-,-,-,2021
Trey Murphy III,SF,11.65,3.32,3.14,34.00,38.00,-,2021
Daishen Nix,PG,11.72,3.18,3.00,29.50,36.50,-,2021
John Petty Jr.,SG,11.51,3.17,3.35,27.50,34.00,-,2021
Yves Pons,PF,10.89,3.05,3.10,36.00,42.50,-,2021
Jason Preston,PG,10.82,3.08,3.13,30.50,38.50,-,2021
Joshua Primo,SG,10.97,3.36,3.22,30.50,37.50,-,2021
Roko Prkacin,PF,-,-,-,-,-,-,2021
Neemias Queta,C,11.85,3.50,3.29,27.00,33.00,-,2021
Austin Reaves,SG,10.94,3.19,3.07,25.00,35.00,-,2021
Jeremiah Robinson-Earl,PF,11.64,3.15,3.29,27.00,32.00,-,2021
Terrence Shannon Jr.,SF,11.51,3.12,3.21,32.50,39.50,-,2021
Day'Ron Sharpe,C,-,-,-,-,-,-,2021
Jericho Sims,C,11.59,3.38,3.05,37.00,44.50,-,2021
Jaden Springer,SG,11.46,3.10,3.13,34.50,41.50,-,2021
DJ Steward,PG,11.14,3.10,3.08,34.50,38.50,-,2021
Cam Thomas,SG,-,-,-,-,-,-,2021
JT Thor,PF,12.19,3.08,3.06,31.50,35.00,-,2021
Isaiah Todd,PF,11.38,3.25,3.31,28.50,35.50,-,2021
Duane Washington Jr.,SG,11.50,3.06,3.17,29.50,35.50,-,2021
Trendon Watford,PF,11.69,3.23,3.27,28.00,35.00,-,2021
Joe Wieskamp,SF,10.70,3.18,3.04,30.00,42.00,-,2021
Aaron Wiggins,SG-SF,11.20,3.00,3.04,29.50,36.00,-,2021
Ziaire Williams,SF,10.69,3.04,3.12,34.00,39.50,-,2021
Moses Wright,PF,11.20,3.42,3.15,31.50,38.00,-,2021
McKinley Wright IV,PG,10.76,3.12,3.08,31.50,38.00,-,2021
Marcus Zegarowski,PG,11.47,3.26,3.11,30.00,35.50,-,2021
