PLAYER,POS,BODY_FAT,HAND_LENGTH_INCHES,HAND_WIDTH_INCHES,HEIGHT_WO_SHOES,HEIGHT_W_SHOES,STANDING_REACH,WEIGHT,WINGSPAN,YEAR
Max Abmas,PG,0.06,8,7.75,5'10.5'',5'11.75'',7'10.0'',161.8,6'1.75'',2021
Ochai Agbaji,SG,0.04,9,8.75,6'4.5'',6'5.5'',8'7.5'',214.4,6'10.0,2021
Marcus Bagley,SF,0.08,8.75,8.5,6'6.0'',6'7.75'',8'6.5'',216.8,6'11.0'',2021
Scottie Barnes,SF,0.05,9.25,10.25,6'7.0'',6'8.0'',9'0.0'',225.4,7'2.75'',2021
Charles Bassey,C,0.06,9,9.5,6'9.25'',6'10.25'',8'11.5'',230.2,7'3.0'',2021
Brandon Boston Jr.,SF,0.06,9,9.75,6'5.75'',6'7.0'',8'8.0'',188,6'10.75'',2021
James Bouknight,SG,0.06,8.75,9,6'3.5'',6'4.75'',8'5.5'',190,6'8.25'',2021
Greg Brown III,PF,0.06,9,9.75,6'7.25'',6'8.5'',8'11.0'',206.4,7'0.25'',2021
Jared Butler,PG,0.05,8.5,8.25,6'2.25'',6'3.75'',8'2.5'',193,6'4.0'',2021
Julian Champagnie,SF,0.08,9,8.5,6'6.5'',6'7.5'',8'10.5'',217.4,6'10.0'',2021
Justin Champagnie,PF,0.06,8.75,8.5,6'5.75'',6'6.75'',8'8.0'',206.4,6'9.5'',2021
Josh Christopher,SG,0.06,8.75,8.5,6'3.25'',6'4.5'',8'5.0'',214.8,6'9.25'',2021
Sharife Cooper,PG,-%,-,-,,,,-,,2021
Cade Cunningham,PG,-%,-,-,,,,-,,2021
Ayo Dosunmu,SG,0.05,8.5,8.75,6'3.5'',6'5.0'',8'6.0'',194.4,6'10.25'',2021
David Duke Jr.,SG,0.06,8.5,9,6'4.25'',6'5.5'',8'6.5'',203.6,6'8.75'',2021
Kessler Edwards,PF,0.04,8.5,8.25,6'7.0'',6'8.0'',8'10.0'',203,6'11.25'',2021
Luka Garza,C,0.12,9,9.25,6'10.0'',6'11.25'',8'11.5'',242.8,7'1.5'',2021
RaiQuan Gray,PF,0.17,9.25,9,6'6.5'',6'7.75'',8'9.0'',268.6,6'10.75'',2021
Jalen Green,SG,-%,-,-,,,,-,,2021
Quentin Grimes,SG,0.07,8.5,10,6'4.0'',6'5.25'',8'5.0'',205,6'8.0'',2021
Sam Hauser,SF,0.08,8.25,9,6'6.75'',6'8.0'',8'6.0'',217.4,6'9.25'',2021
Aaron Henry,SF,0.06,8.5,9.25,6'4.5'',6'6.0'',8'7.5'',209.6,6'10.75'',2021
Ariel Hukporti,C,0.08,9.5,9.5,6'10.75'',7'0.0'',9'3.5'',246,7'2.5'',2021
Matt Hurt,PF,0.15,9,9,6'8.5'',6'9.5'',8'10.5'',232.4,6'9.5'',2021
Nah'Shon Hyland,SG,0.06,8.75,9,6'2.0'',6'3.5'',8'5.5'',169,6'9.25'',2021
Isaiah Jackson,C,-%,-,-,,,,-,,2021
David Johnson,SG,0.08,8.25,8.5,6'3.25'',6'4.75'',8'8.0'',202.8,6'10.5'',2021
Jalen Johnson,PF,0.05,9.75,10.5,6'7.75'',6'9.25'',8'10.0'',209.6,7'0.25'',2021
Keon Johnson,SG,0.04,8.5,9,6'3.5'',6'4.75'',8'1.0'',184.8,6'7.25'',2021
Carlik Jones,PG,0.05,8.25,9,6'0.0'',6'1.0'',8'1.5'',173.6,6'5.0'',2021
Kai Jones,PF,0.05,9,9.5,6'10.0'',6'11.5'',9'2.5'',221.4,7'1.75'',2021
Herbert Jones,SF,0.06,8.5,9,6'6.0'',6'7.25'',8'10.0'',206.4,7'0.25'',2021
Johnny Juzang,SG,0.08,8.5,9.5,6'5.5'',6'7.0'',8'4.5'',209,6'10.5'',2021
Corey Kispert,SF,0.07,8.75,10,6'6.0'',6'7.25'',8'6.0'',223.8,6'7.0'',2021
Jonathan Kuminga,SF,-%,-,-,,,,-,,2021
AJ Lawson,SG-SF,0.04,8.5,9.25,6'5.5'',6'6.75'',8'3.5'',179.2,6'6.75'',2021
Scottie Lewis,SF,0.05,8.75,9.75,6'4.0'',6'5.25'',8'5.5'',187.6,7'0.0'',2021
Isaiah Livers,SF,0.09,9,9.5,6'5.75'',6'7.25'',8'8.5'',231.8,6'9.25'',2021
Makur Maker,C,0.15,8.75,9.5,6'10.25'',6'11.25'',9'4.0'',232.2,7'1.75'',2021
Sandro Mamukelashvili,C,0.08,9,9.5,6'9.0'',6'10.0'',8'10.5'',239.8,7'1.25'',2021
Tre Mann,PG,0.04,8,9,6'3.25'',6'4.25'',8'2.5'',177.6,6'4.0'',2021
Matthew Mayer,PF,-%,-,-,,,,-,,2021
Miles McBride,PG,0.06,9,9.5,6'1.0'',6'2.5'',8'3.5'',195.2,6'8.75'',2021
Davion Mitchell,PG,0.06,8.25,8.75,6'0.0'',6'1.25'',8'0.5'',202.4,6'4.25'',2021
Evan Mobley,PF,-%,-,-,,,,-,,2021
Isaiah Mobley,PF,0.13,9,10,6'8.0'',6'9.75'',8'11.5'',238,7'3.0'',2021
Moses Moody,SG,0.07,9,10,6'4.5'',6'6.0'',8'9.0'',210.6,7'0.75'',2021
Trey Murphy III,SF,0.08,8.5,9,6'7.5'',6'9.25'',8'9.5'',206,7'0.0'',2021
Daishen Nix,PG,0.12,8.5,9,6'3.0'',6'4.25'',8'4.0'',225.6,6'6.75'',2021
John Petty Jr.,SG,0.06,8.5,9,6'4.5'',6'5.75'',8'7.5'',186.2,6'9.5'',2021
Yves Pons,PF,0.04,9,9.25,6'5.5'',6'6.75'',8'8.0'',206.4,7'0.75'',2021
Jason Preston,PG,0.05,8.5,9.25,6'3.0'',6'4.0'',8'4.5'',180.6,6'8.5'',2021
Joshua Primo,SG,0.06,9,10,6'4.0'',6'5.0'',8'6.5'',189,6'9.25'',2021
Roko Prkacin,PF,0.07,8.75,9.25,6'7.5'',6'9.25'',8'11.0'',225.4,6'11.0'',2021
Neemias Queta,C,0.08,9.25,10.5,6'11.25'',7'0.5'',9'4.5'',248.4,7'4.0'',2021
Austin Reaves,SG,0.11,8,8.25,6'4.5'',6'5.75'',8'5.0'',197.2,6'6.25'',2021
Jeremiah Robinson-Earl,PF,0.09,9,9.75,6'7.75'',6'9.0'',8'9.5'',242.4,6'9.75'',2021
Terrence Shannon Jr.,SF,0.07,8,8,6'5.5'',6'6.5'',8'4.0'',206.6,6'8.25'',2021
Day'Ron Sharpe,C,-%,-,-,,,,-,,2021
Jericho Sims,C,0.06,9,9.75,6'9.0'',6'10.0'',8'10.0'',250.2,7'3.25'',2021
Jaden Springer,SG,0.06,8.5,9.75,6'3.0'',6'4.25'',8'3.0'',202,6'7.75'',2021
DJ Steward,PG,0.05,8.5,9,6'0.75'',6'1.75'',8'2.5'',162.2,6'7.0'',2021
Cam Thomas,SG,-%,-,-,,,,-,,2021
JT Thor,PF,0.06,9.25,9.5,6'8.5'',6'9.25'',9'2.0'',203,7'3.25'',2021
Isaiah Todd,PF,0.06,9,9.75,6'8.75'',6'10.0'',8'11.5'',219,7'1.25'',2021
Duane Washington Jr.,SG,0.05,8.25,8.75,6'2.25'',6'3.75'',8'5.0'',196.8,6'7.75'',2021
Trendon Watford,PF,0.1,9.5,9.5,6'7.5'',6'8.75'',8'9.0'',237.4,7'2.25'',2021
Joe Wieskamp,SF,0.04,8.5,9.25,6'5.75'',6'7.25'',8'7.0'',204.8,6'11.0'',2021
Aaron Wiggins,SG-SF,0.05,8.75,8.5,6'4.5'',6'5.0'',8'7.0'',190,6'9.75'',2021
Ziaire Williams,SF,0.04,9,8.75,6'8.25'',6'9.75'',8'10.5'',188.4,6'10.25'',2021
Moses Wright,PF,0.06,9,9.5,6'7.75'',6'9.0'',8'11.0'',225.8,7'0.75'',2021
McKinley Wright IV,PG,0.07,8.5,9,5'11.25'',6'0.25'',7'10.0'',192.2,6'5.25'',2021
Marcus Zegarowski,PG,0.07,8,9.5,6'0.75'',6'2.0'',8'0.0'',180.8,6'2.75',2021
Precious Achiuwa,PF,0.07,9,10,6'7.50'',6'8.75'',9'0.50'',234,7'0.75'',2020
Ty-Shon Alexander,SG,0.12,8.75,8.75,6'2.00'',6'4.00'',8'4.00'',200.8,6'8.00'',2020
Udoka Azubuike,C,0.1,9.25,10,6'10.00'',6'11.50'',9'1.00'',259.5,7'7.25'',2020
Tyler Bey,PF,0.05,8.5,9,6'6.00'',6'7.00'',8'9.50'',212.8,7'1.25'',2020
Yoeli Childs,PF,0.08,8.75,10,6'6.00'',6'7.00'',8'10.00'',226.4,6'11.50'',2020
Mamadi Diakite,PF,0.08,9,10.25,6'8.50'',6'10.25'',8'11.00'',222.1,7'3.75'',2020
Devon Dotson,PG,0.05,8.25,10,6'0.50'',6'1.75'',7'11.00'',185.2,6'3.00'',2020
Paul Eboua,SF-PF,0.04,9,10.25,6'6.00'',6'7.50'',9'0.00'',222.2,7'3.50'',2020
CJ Elleby,SG-SF,0.04,8.75,10,6'5.50'',6'6.25'',8'4.50'',198.6,6'7.25'',2020
Trent Forrest,PG,0.06,9,9.75,6'3.50'',6'4.75'',8'6.50'',203,6'7.50'',2020
Josh Green,SG-SF,0.07,8,8.75,6'4.50'',6'5.50'',8'5.50'',214,6'9.75'',2020
Ashton Hagans,PG,0.04,9,9,6'1.50'',6'2.50'',8'3.50'',193,6'8.00'',2020
Joshua Hall,SF,0.08,8.75,9.5,6'6.00'',6'7.50'',8'8.50'',196.6,6'11.00'',2020
Jalen Harris,SG,0.04,8.25,9.5,6'2.75'',6'4.25'',8'1.50'',193.4,6'7.00'',2020
Markus Howard,PG,0.1,8.5,7.75,5'9.50'',5'11.00'',7'7.50'',170.8,6'0.25'',2020
Elijah Hughes,SF-SG,0.1,8.5,8.75,6'4.75'',6'6.50'',8'5.50'',229,6'7.50'',2020
Isaiah Joe,SG,0.05,8.25,8.25,6'3.00'',6'4.50'',8'5.00'',170.4,6'7.50'',2020
Mason Jones,SG,0.09,8.75,8.5,6'3.75'',6'5.75'',8'6.50'',207.2,6'7.00'',2020
Nathan Knight,PF-C,0.08,9,9.5,6'8.00'',6'9.75'',9'1.50'',235,7'2.00'',2020
Theo Maledon,PG,0.03,8.5,10,6'4.00'',6'5.00'',8'4.50'',187.4,6'8.75'',2020
Karim Mane,PG-SG,0.04,8.5,9.75,6'5.00'',6'6.00'',8'6.00'',196,6'11.00'',2020
Naji Marshall,SF,0.09,9.25,10.5,6'5.75'',6'7.00'',8'6.50'',233.5,7'0.75'',2020
Kenyon Martin Jr.,SF-PF,0.06,8.5,8.75,6'6.00'',6'7.00'',8'6.00'',213.2,6'7.25'',2020
Skylar Mays,SG,0.07,8,9.75,6'3.00'',6'4.00'',8'3.00'',204,6'6.00'',2020
Zeke Nnaji,PF-C,0.06,9,10.5,6'9.25'',6'10.50'',8'9.50'',246.8,7'2.00'',2020
Jordan Nwora,SF-PF,0.12,8.5,9.25,6'5.75'',6'7.00'',8'8.00'',223,6'10.25'',2020
Reggie Perry,PF-C,0.08,9.25,11,6'8.25'',6'9.25'',8'10.50'',249.6,7'0.25'',2020
Myles Powell,PG-SG,0.16,8,9,6'0.50'',6'1.50'',8'3.00'',194,6'7.00'',2020
Immanuel Quickley,SG,0.08,8,8.75,6'2.00'',6'3.00'',8'3.00'',185.8,6'8.25'',2020
Jahmi'us Ramsey,SG,0.03,8.75,9.75,6'2.50'',6'3.75'',8'4.50'',193.4,6'6.00'',2020
Paul Reed Jr.,PF,0.07,9,8.75,6'8.50'',6'9.25'',9'1.50'',219.2,7'2.00'',2020
Nick Richards,C,0.09,9,9,6'10.50'',6'11.50'',9'2.00'',241.6,7'2.25'',2020
Grant Riller,PG-SG,0.05,8,8.5,6'0.25'',6'1.00'',8'0.50'',178.4,6'5.25'',2020
Jayden Scrubb,SG-SF,0.04,8.25,9.75,6'5.00'',6'6.25'',8'8.50'',185.2,6'9.50'',2020
Jalen Smith,PF-C,0.04,9.25,9.25,6'9.25'',6'10.25'',9'2.00'',224.6,7'2.25'',2020
Cassius Stanley,SG,0.06,8.25,9,6'5.00'',6'6.25'',8'3.50'',201.6,6'7.00'',2020
Lamar Stevens,SF-PF,0.07,8.5,9.75,6'5.75'',6'6.75'',8'5.00'',228,6'9.00'',2020
Isaiah Stewart,C,0.08,9,10.5,6'7.25'',6'8.50'',9'0.50'',243,7'4.75'',2020
Tyrell Terry,PG,0.08,7.5,8.25,6'1.50'',6'3.00'',8'0.00'',170,6'1.75'',2020
Killian Tillie,PF,0.12,8.25,9.25,6'8.75'',6'10.00'',8'10.00'',221.6,6'8.00'',2020
Xavier Tillman Sr.,PF-C,0.09,10.25,11,6'7.50'',6'8.50'',8'10.00'',266.5,7'2.00'',2020
Kaleb Wesson,C,0.13,9,10.75,6'9.25'',6'10.25'',9'3.50'',252.6,7'3.50'',2020
Kahlil Whitney,SF,0.05,9.25,10.25,6'5.50'',6'7.00'',8'9.50'',205,7'0.25'',2020
Cassius Winston,PG,0.09,8.75,8.25,6'0.50'',6'1.50'',8'1.00'',196,6'6.00'',2020
Robert Woodard II,SF,0.05,9,10.75,6'5.50'',6'7.00'',8'9.50'',230.2,7'2.00',2020
Nickeil Alexander-Walker,SG,0.06,8.5,8.75,6' 4.25'',6' 5.5'',8' 6'',203.8,6' 9.5'',2019
RJ Barrett,SF,-%,-,-,,,,-,,2019
Charles Bassey,C,0.09,9.25,9.5,6' 8.75'',6' 10'',9' 1.5'',239,7' 3.5'',2019
Darius Bazley,PF,0.04,9,9.75,6' 7.75'',6' 9'',8' 11'',208.4,7' 0'',2019
Bol Bol,C,0.07,9.25,9.5,7' 0.75'',7' 2.5'',9' 7.5'',208,7' 7'',2019
Jordan Bone,SG,0.05,7.5,9.25,6' 1.5'',6' 2.75'',7' 11'',179,6' 3.25'',2019
Brian Bowen II,SF,0.07,8.5,9.75,6' 6.25'',6' 7.5'',8' 7'',200,6' 10'',2019
Ky Bowman,PG,0.05,8.25,9,6' 1'',6' 2.25'',8' 2'',181.2,6' 7'',2019
Ignas Brazdeikis,SF,0.06,8.75,9.5,6' 5.75'',6' 7.25'',8' 6'',220.8,6' 9.25'',2019
O'Shae Brissett,SF-PF,0.03,9,9.5,6' 7'',6' 8'',8' 8'',203.2,7' 0'',2019
Moses Brown,C,0.08,9.5,10.25,7' 1.25'',7' 2.5'',9' 5'',237.2,7' 4.75'',2019
Brandon Clarke,SF,0.05,8.25,9.5,6' 7.25'',6' 8.25'',8' 6'',207.2,6' 8.25'',2019
Nicolas Claxton,C,0.05,9.25,9.5,6' 10'',6' 11.75'',9' 2'',216.6,7' 2.5'',2019
Tyler Cook,PF,0.06,9.5,10.75,6' 7.25'',6' 8.75'',8' 10.5'',245.4,7' 0.5'',2019
Jarrett Culver,SG,0.05,8.25,8.5,6' 5.25'',6' 6.75'',8' 4.5'',194.2,6' 9.5'',2019
Terence Davis,SG,0.04,9.25,10.75,6' 3'',6' 4.5'',8' 5'',192.4,6' 8.75'',2019
Luguentz Dort,PG,0.05,8.5,9,6' 2.75'',6' 4.25'',8' 3.5'',222.2,6' 8.5'',2019
Devon Dotson,PG,0.06,8.25,9.5,6' 0'',6' 2'',7' 11.5'',178.6,6' 3.25'',2019
Carsen Edwards,PG,0.06,8.75,9,5' 10.75'',6' 0.25'',7' 10.5'',199.4,6' 6'',2019
Tacko Fall,C,0.07,10.5,10.5,7' 5.25'',7' 7'',10' 2.5'',288.8,8' 2.25'',2019
Bruno Fernando,C,0.05,9.25,10,6' 8.75'',6' 10.25'',9' 2'',237,7' 3.25'',2019
Daniel Gafford,PF,0.06,9.25,9.25,6' 9.25'',6' 10.5'',9' 2'',237.6,7' 2.25'',2019
Darius Garland,PG,-%,-,-,,,,-,,2019
Quentin Grimes,SG,0.08,8.25,10,6' 4'',6' 5.25'',8' 4.5'',209.6,6' 7.75'',2019
Kyle Guy,SG,0.06,8,8.75,6' 0.75'',6' 2.25'',7' 11.5'',167.8,6' 4.5'',2019
Jaylen Hands,PG,0.05,8,8.25,6' 1.5'',6' 3'',8' 1'',180.4,6' 5.5'',2019
Jared Harper,PG,0.04,8.25,9.5,5' 9.75'',5' 11'',7' 10'',169.2,6' 5.5'',2019
Jaxson Hayes,PF,0.05,9.25,10.5,6' 10.25'',6' 11.5'',9' 2.5'',218.6,7' 3.5'',2019
Dewan Hernandez,C,0.06,9.5,10.25,6' 9'',6' 10.25'',8' 11'',232.8,7' 1.75'',2019
Tyler Herro,SG,0.07,8,8.75,6' 4.5'',6' 6'',8' 4.5'',192.4,6' 3.25'',2019
Jalen Hoard,PF,0.07,8.75,9.75,6' 7.25'',6' 9'',8' 9.5'',212.6,7' 0.75'',2019
Talen Horton-Tucker,SG,0.08,9.5,9.75,6' 2.5'',6' 4'',8' 7'',235.4,7' 1.25'',2019
De'Andre Hunter,,-%,-,-,,,,-,,2019
DaQuan Jeffries,SF-PF,0.04,9.5,10.25,6' 4'',6' 5'',8' 8'',215.6,6' 11.25'',2019
Ty Jerome,PG,0.07,8.25,9.5,6' 4.25'',6' 5.5'',8' 2'',194.4,6' 4'',2019
Keldon Johnson,SG,0.06,8,9.25,6' 4.75'',6' 6'',8' 8'',216.4,6' 9.25'',2019
Cameron Johnson,SG,0.06,8,8.5,6' 7'',6' 8.5'',8' 7'',205.2,6' 10'',2019
Mfiondu Kabengele,PF,0.05,9.25,10.75,6' 8.75'',6' 10.25'',9' 1.5'',256.2,7' 3'',2019
Louis King,SF,0.05,8,8.5,6' 6.75'',6' 8'',8' 8.5'',195.2,7' 0.25'',2019
Romeo Langford,SG,-%,9,9,6' 4.5'',6' 6'',8' 7'',-,6' 11'',2019
Dedric Lawson,PF,0.09,9.75,9.75,6' 7'',6' 8.5'',8' 11.5'',233,7' 2.25'',2019
Jalen Lecque,PG,0.04,8.75,8.5,6' 2.5'',6' 4.25'',8' 2.5'',185.2,6' 8.5'',2019
Nassir Little,SF,0.06,8.75,10,6' 4.5'',6' 6'',8' 8.5'',224.2,7' 1.25'',2019
Terance Mann,SG-SF,0.04,9.5,9.25,6' 4.75'',6' 6.5'',8' 5'',204.6,6' 7.75'',2019
Cody Martin,PG-SG,0.05,8.25,9,6' 4.75'',6' 5.5'',8' 6.5'',192.2,6' 10.25'',2019
Charles Matthews,SG,0.04,8.5,8.75,6' 5'',6' 6.25'',8' 7'',194.8,6' 9.5'',2019
Jalen McDaniels,SF,0.06,9,10,6' 8.25'',6' 9.75'',8' 9.5'',191.6,7' 0.25'',2019
Ja Morant,PG,-%,-,-,,,,-,,2019
Zach Norvell Jr.,SG,0.08,8.5,9.5,6' 4.5'',6' 5.5'',8' 5'',206.4,6' 6'',2019
Jaylen Nowell,SG,0.06,8.25,8.5,6' 3.25'',6' 4.25'',8' 2'',202.4,6' 7.25'',2019
Jordan Nwora,PF,0.08,8.5,9.25,6' 5.75'',6' 7.5'',8' 7'',220,6' 10.5'',2019
Chuma Okeke,,-%,-,-,,,,-,,2019
KZ Okpala,SF,0.05,9.25,9.25,6' 7.25'',6' 9.5'',8' 10.5'',209.6,7' 1.75'',2019
Miye Oni,SG,0.05,9,10,6' 4.25'',6' 5.75'',8' 4.5'',205.6,6' 10.75'',2019
Eric Paschall,SF,0.06,9,9.5,6' 6'',6' 7.25'',8' 7.5'',254.4,6' 11.75'',2019
Reggie Perry,SF-PF,0.07,9,10,6' 8'',6' 9.25'',8' 10'',250.8,7' 0.5'',2019
Shamorie Ponds,PG,0.1,7.75,8,5' 11.5'',6' 0.5'',8' 0.5'',180,6' 3.5'',2019
Jordan Poole,SG,0.08,8.25,8.5,6' 3.5'',6' 5.5'',8' 3.5'',190.8,6' 6.75'',2019
Jontay Porter,PF,0.09,8.75,9.5,6' 9.75'',6' 11'',9' 1.5'',210.4,7' 0'',2019
Kevin Porter Jr.,SG,0.05,8.75,8.75,6' 4'',6' 5.5'',8' 7'',212.6,6' 9'',2019
Neemias Queta,C,0.06,9.5,11,6' 10.75'',7' 0.25'',9' 3.5'',225.8,7' 4.25'',2019
Cameron Reddish,SF,0.05,9,9,6' 6.5'',6' 8'',8' 9.5'',207.8,7' 0.5'',2019
Naz Reid,PF,0.14,9.5,9.25,6' 8.75'',6' 9.5'',9' 1'',255.8,7' 3.25'',2019
Isaiah Roby,PF,0.04,9,10.5,6' 7.25'',6' 8.5'',8' 10'',214,7' 1'',2019
Luka Samanic,PF,0.06,8.5,9,6' 9.5'',6' 11'',8' 11'',227.2,6' 10.5'',2019
Admiral Schofield,SF,0.07,8.75,9,6' 4'',6' 5.25'',8' 6.5'',240.6,6' 9.75'',2019
Marial Shayok,SF-PF,0.05,8.75,9.25,6' 4.5'',6' 5.5'',8' 7.5'',196.8,7' 0.25'',2019
Simisola Shittu,PF,0.06,8.75,8.5,6' 8.5'',6' 9.5'',8' 10'',227.2,7' 1.25'',2019
Killian Tillie,,-%,-,-,,,,-,,2019
P.J. Washington,PF,0.09,9,10.25,6' 6.5'',6' 8'',8' 10.5'',230.4,7' 2.25'',2019
Tremont Waters,PG,0.07,8,9.75,5' 9.5'',5' 10.75'',7' 9.5'',172.4,6' 2.25'',2019
Quinndary Weatherspoon,SG,0.06,8.5,9,6' 3'',6' 4.25'',8' 4'',206.6,6' 9'',2019
Coby White,PG,0.04,7.75,9,6' 3.5'',6' 4.75'',8' 1.5'',191.4,6' 5'',2019
Kris Wilkes,SF,0.05,8.5,9.5,6' 6.25'',6' 7.75'',8' 7'',208.8,6' 10.75'',2019
Grant Williams,PF,0.05,9,10.5,6' 5.75'',6' 7.5'',8' 8.5'',240.2,6' 9.75'',2019
Zion Williamson,PF,-%,-,-,,,,-,,2019
Dylan Windler,SF,0.05,8.25,9.5,6' 6.25'',6' 7.5'',8' 8.5'',195.8,6' 10'',2019
Rawle Alkins,SG,0.09,8.5,10,6' 2.75'',6' 4.25'',8' 3'',217.4,6' 8.75'',2018
Grayson Allen,SG,0.06,8.25,10,6' 3'',6' 4.5'',8' 1'',198,6' 7.25'',2018
Kostas Antetokounmpo,PF,0.05,9.25,9.5,6' 9'',6' 10.5'',9' 2'',194.8,7' 2.25'',2018
Udoka Azubuike,C,0.08,9.5,10,6' 10'',7' 0.25'',9' 4.5'',273.8,7' 7'',2018
Mohamed Bamba,C,0.06,9.75,10.25,6' 11.25'',7' 0.75'',9' 7.5'',225.6,7' 10'',2018
Jaylen Barford,PG-SG,0.12,8,8.25,6' 1.25'',6' 2.25'',8' 0.5'',207.6,6' 3.5'',2018
Keita Bates-Diop,SG-SF,0.05,9,8.5,6' 7.25'',6' 8.5'',8' 10.5'',223.8,7' 3.25'',2018
Tyus Battle,SG,0.04,8.5,9.25,6' 5'',6' 6.75'',8' 6'',200.2,6' 9'',2018
Brian Bowen,SG-SF,0.08,9,10,6' 6.25'',6' 7.5'',8' 7.5'',202,6' 10.25'',2018
Miles Bridges,SF,0.06,9,9.75,6' 5.25'',6' 6.75'',8' 7.5'',220.4,6' 9.5'',2018
Bruce Brown,SG-PG,0.04,8.5,8.5,6' 3.5'',6' 5'',8' 2.5'',194.6,6' 9'',2018
Troy Brown,SF,0.07,9,9.75,6' 5.75'',6' 6.75'',8' 9'',208,6' 10.25'',2018
Jalen Brunson,PG,0.07,8.25,9.25,6' 1'',6' 2.25'',8' 0'',198.4,6' 4'',2018
Tony Carr,PG,0.07,8.5,9.75,6' 3'',6' 4.5'',8' 4'',198.8,6' 8.25'',2018
Jevon Carter,PG,0.04,9.25,8.5,6' 0.25'',6' 1.5'',7' 11'',196.2,6' 4.25'',2018
Wendell Carter,C-PF,0.08,8.5,9,6' 8.75'',6' 10'',9' 1'',251.4,7' 4.5'',2018
Donte DiVincenzo,SG,0.05,8.25,9,6' 3.5'',6' 4.5'',8' 1.5'',200.6,6' 6'',2018
Hamidou Diallo,SG,0.04,8.75,9,6' 4.25'',6' 6'',8' 7'',197,6' 11.5'',2018
Trevon Duval,PG,0.05,8.75,10,6' 1.5'',6' 2.5'',8' 1.5'',191,6' 8.25'',2018
Carsen Edwards,PG,0.06,8.5,9.25,5' 10.75'',6' 0'',7' 10.5'',195.6,6' 6.25'',2018
Keenan Evans,PG,0.07,8.5,8,6' 1.5'',6' 3'',8' 2'',183.2,6' 5.25'',2018
Jacob Evans,SG-SF,0.07,9,9.25,6' 4.25'',6' 5.5'',8' 6.5'',199.6,6' 9.25'',2018
Bruno Fernando,C,0.05,9.5,10,6' 8.75'',6' 9.75'',9' 1'',233.2,7' 4.25'',2018
Melvin Frazier,SF-SG,0.08,9.5,9.5,6' 4.5'',6' 6'',8' 9'',198.2,7' 1.75'',2018
Shai Gilgeous-Alexander,PG,0.03,9,9,6' 4.5'',6' 6'',8' 8'',180,6' 11.5'',2018
Devonte Graham,PG,0.05,8.5,9.5,6' 0.25'',6' 1.5'',8' 0'',186.4,6' 6.25'',2018
Isaac Haas,C,0.13,10,10.5,7' 1.25'',7' 2.75'',9' 3.5'',303,7' 5'',2018
Devon Hall,SG,0.08,8.5,10,6' 4.25'',6' 6'',8' 6'',206.4,6' 7.75'',2018
Jaylen Hands,PG,0.05,8,8,6' 1.5'',6' 2.75'',8' 2'',179,6' 5.5'',2018
Kevin Hervey,PF,0.05,9.25,10.25,6' 6.5'',6' 7.75'',8' 11'',211.6,7' 3.5'',2018
Aaron Holiday,PG,0.06,8.75,8.5,5' 11.75'',6' 0.75'',8' 1'',187,6' 7.5'',2018
Kevin Huerter,SG,0.09,8.25,8.5,6' 6.25'',6' 7.25'',8' 5.5'',194,6' 7.5'',2018
Jaren Jackson,PF-C,0.07,10,10,6' 9.75'',6' 11.25'',9' 2'',236,7' 5.25'',2018
Justin Jackson,PF,0.09,9,9.5,6' 6'',6' 6.75'',8' 9'',229.4,7' 3'',2018
Alize Johnson,PF,0.08,8.5,9.75,6' 7.25'',6' 8'',8' 7'',216.6,6' 8.75'',2018
George King,SF-SG,0.07,9,10.25,6' 4.75'',6' 6'',8' 5.5'',218.6,6' 11.5'',2018
Kevin Knox,SF,0.05,8.75,9.25,6' 7.75'',6' 9'',9' 0'',212.6,6' 11.75'',2018
Sagaba Konate,C,0.07,9.25,10,6' 6.5'',6' 7.5'',8' 10.5'',246,7' 0'',2018
Caleb Martin,SF-SG,0.07,8.5,8.75,6' 4.75'',6' 6'',8' 5.5'',195.8,6' 10'',2018
Cody Martin,SG-SF,0.05,8.5,9,6' 4.75'',6' 6'',8' 6.5'',188.6,6' 10.25'',2018
Yante Maten,PF-C,0.08,9.25,10,6' 7.25'',6' 8.5'',8' 11.5'',246.2,7' 0.5'',2018
Brandon McCoy,C,0.09,9.75,9.5,6' 11.5'',7' 0.5'',9' 2.5'',250.4,7' 2'',2018
DeAnthony Melton,SG-PG,0.05,8.5,9.5,6' 2.25'',6' 3.25'',8' 3.5'',193.2,6' 8.5'',2018
Chimezie Metu,PF-C,0.05,9,9.25,6' 8.5'',6' 9.5'',9' 0'',219.6,7' 0.5'',2018
Shake Milton,SG-PG,0.07,8.75,9.5,6' 4.5'',6' 5.5'',8' 3.5'',207.2,7' 0.75'',2018
Sviatoslav Mykhailiuk,SG-SF,0.08,8.25,9.5,6' 6.5'',6' 7.75'',8' 4'',211.6,6' 4.75'',2018
Malik Newman,SG,0.06,8.5,9.5,6' 2.5'',6' 3.25'',8' 2.5'',189.2,6' 5.5'',2018
Josh Okogie,SG,0.05,9,9.75,6' 3'',6' 4.5'',8' 6'',210.8,7' 0'',2018
Theo Pinson,SG-SF,0.07,9,9,6' 5'',6' 6.75'',8' 7.5'',211.2,6' 10.75'',2018
Jontay Porter,C-PF,0.14,8.75,9.5,6' 10'',6' 11.5'',9' 1'',236,7' 0.25'',2018
Michael Porter,SF-PF,0.06,8.75,9.25,6' 9.5'',6' 10.75'',9' 0.5'',211,7' 0.25'',2018
Billy Preston,PF,0.05,9.25,9.5,6' 8.75'',6' 10.5'',9' 0'',222.4,7' 2'',2018
Jerome Robinson,SG,0.06,9,10,6' 4'',6' 5'',8' 2'',188.4,6' 7.25'',2018
Collin Sexton,PG,0.06,8.25,8.5,6' 0.5'',6' 1.5'',8' 2.5'',183,6' 7.25'',2018
Landry Shamet,PG,0.05,8,9,6' 4'',6' 5.25'',8' 4'',188.6,6' 6.75'',2018
Anfernee Simons,SG-PG,0.08,8.75,9,6' 2.25'',6' 3.25'',8' 3.5'',183.2,6' 9.25'',2018
Zhaire Smith,SF-SG,0.06,8.75,8.25,6' 2.75'',6' 4'',8' 4'',198.6,6' 9.75'',2018
Ray Spalding,PF,0.06,9.25,9,6' 9'',6' 10.25'',9' 1'',215.4,7' 4.75'',2018
Omari Spellman,PF-C,0.14,9,9,6' 8'',6' 9.25'',8' 11.5'',253.8,7' 2'',2018
Khyri Thomas,SG,0.06,8.75,9.25,6' 2.5'',6' 3.75'',8' 5'',198.8,6' 10.5'',2018
Gary Trent,SG,0.07,8.5,9.5,6' 4.25'',6' 5.75'',8' 2'',204.2,6' 8.75'',2018
Allonzo Trier,SG,0.05,8.25,10.5,6' 3.75'',6' 5.25'',8' 2'',198,6' 6.75'',2018
Moritz Wagner,C-PF,0.07,9,10.75,6' 10.5'',6' 11.5'',9' 0'',241.4,7' 0'',2018
Lonnie Walker,SG,0.06,9,9.5,6' 3.75'',6' 4.5'',8' 3.5'',196.2,6' 10.25'',2018
PJ Washington,PF,0.07,9,10.25,6' 6.5'',6' 8'',8' 11'',223,7' 2.5'',2018
Austin Wiley,C,0.05,9.75,10.25,6' 8.25'',6' 10'',9' 3'',249.4,7' 5'',2018
Kris Wilkes,SF,0.05,8.75,9.25,6' 6.5'',6' 7.5'',8' 7.5'',205,6' 10.25'',2018
Kenrich Williams,SF,0.06,8.5,9.75,6' 6'',6' 7.5'',8' 7.5'',200.4,6' 7.25'',2018
Trae Young,PG,0.05,8,9.25,6' 0.5'',6' 1.75'',7' 11.5'',177.8,6' 3'',2018
Edrice Adebayo,PF-C,0.05,9.5,8.75,6' 8.75'',6' 9.75'',9' 0'',242.6,7' 2.75'',2017
Rawle Alkins,SG-SF,0.11,8.75,10,6' 2.5'',6' 3.75'',8' 3'',222.6,6' 8.75'',2017
Jarrett Allen,C,0.07,9.5,10.5,6' 9'',6' 10.25'',9' 1.5'',233.6,7' 5.25'',2017
Kadeem Allen,PG,0.06,8.5,8.75,6' 1'',6' 2.25'',8' 3.5'',192.4,6' 9.25'',2017
Ike Anigbogu,C,0.05,9.5,10,6' 8.5'',6' 9.75'',9' 2.5'',252.2,7' 6.25'',2017
OG Anunoby,SF,0.07,9.25,9.5,6' 6.25'',6' 7.75'',8' 11.5'',232.4,7' 2.25'',2017
Jamel Artis,SG-SF,0.12,9.25,9.75,6' 5.5'',6' 6.75'',8' 9'',213.2,6' 10'',2017
Dwayne Bacon,SG-SF,0.08,8.75,10,6' 4.75'',6' 6.25'',8' 7.5'',221.6,6' 10'',2017
V.J. Beachem,SG-SF,0.07,8.5,9,6' 6.25'',6' 8'',8' 8.5'',193.4,6' 10.25'',2017
Jordan Bell,PF,0.05,9.25,9.5,6' 7'',6' 8.5'',8' 8.5'',223.6,6' 11.75'',2017
Jaron Blossomgame,SF,0.06,8.75,10.25,6' 5.75'',6' 6.75'',8' 8.5'',218.6,6' 10'',2017
Chris Boucher,PF,0.05,9.25,10.5,6' 8'',6' 9.5'',9' 2.5'',182.2,7' 4'',2017
Tony Bradley,C,0.12,9.5,9.5,6' 9.25'',6' 10.75'',9' 4.5'',248.8,7' 5'',2017
Isaiah Briscoe,PG,0.11,9,9.25,6' 1.25'',6' 2.75'',8' 3.5'',222.4,6' 9'',2017
Dillon Brooks,SG-SF,0.08,8.25,9.25,6' 5'',6' 6'',8' 4.5'',220.2,6' 6'',2017
Thomas Bryant,PF-C,0.09,9.5,10.25,6' 9.5'',6' 10.75'',9' 4.5'',247.8,7' 6'',2017
Zach Collins,PF-C,0.09,8.75,9.25,6' 10.25'',7' 0'',9' 3'',232.2,7' 1'',2017
John Collins,PF,0.05,9,10,6' 8.25'',6' 9.5'',8' 10.5'',225.2,6' 11.25'',2017
Hamidou Diallo,SG-SF,0.05,8.5,9.5,6' 3.75'',6' 5'',8' 5.5'',197.4,6' 11.25'',2017
Tyler Dorsey,SG,0.05,8.5,9.25,6' 3'',6' 4.5'',8' 3.5'',182.6,6' 5.25'',2017
Damyean Dotson,SG-SF,0.05,8.5,9.25,6' 4.5'',6' 5.5'',8' 4'',205.2,6' 9'',2017
PJ Dozier,SG,0.06,8.5,9.5,6' 5.25'',6' 6.75'',8' 5'',200.6,6' 11'',2017
Jawun Evans,PG,0.09,8,7.75,5' 10.75'',5' 11.5'',7' 11'',185.2,6' 5.5'',2017
Terrance Ferguson,SG-SF,0.06,8.5,10,6' 5.5'',6' 7'',8' 7'',184.4,6' 8.75'',2017
De?Aaron Fox,PG,0.05,8.5,8.5,6' 2'',6' 3.25'',8' 4'',169.6,6' 6.5'',2017
Markelle Fultz,PG,-%,-,-,,,,-,,2017
Harry Giles,PF,0.05,9.5,10.75,6' 9.25'',6' 10.5'',9' 1.5'',232,7' 3.25'',2017
Josh Hart,SG-SF,0.06,8.5,9.5,6' 3.75'',6' 5'',8' 5'',209.2,6' 8.25'',2017
Nigel Hayes,PF,0.12,8.75,10,6' 6.25'',6' 7.5'',8' 8.5'',254.2,7' 3.25'',2017
Isaiah Hicks,PF,0.08,8.75,9.75,6' 7.25'',6' 8.5'',8' 9'',233.4,7' 0.5'',2017
Wesley Iwundu,SG-SF,0.04,8.75,9.5,6' 5.5'',6' 6.75'',8' 9.5'',193.4,7' 1'',2017
Frank Jackson,PG,0.07,8.25,9,6' 2'',6' 3.5'',8' 2'',201.6,6' 7.5'',2017
Justin Jackson (UMD),SF,0.07,9,9.5,6' 5.75'',6' 7'',8' 11'',219.4,7' 3.25'',2017
Justin Jackson (UNC),SF,0.08,8.75,9.25,6' 7'',6' 8.25'',8' 8.5'',200.8,6' 11'',2017
Peter Jok,SG-SF,0.11,8.25,9.5,6' 4.25'',6' 5.75'',8' 6'',202.4,6' 8'',2017
Luke Kennard,SG-SF,0.07,8,8.75,6' 4.5'',6' 5.5'',8' 2.5'',196.2,6' 5.25'',2017
Kyle Kuzma,SF-SG,0.09,8.5,9.5,6' 8'',6' 9.5'',8' 11.5'',222.6,7' 0.25'',2017
TJ Leaf,PF,0.07,8.5,9.5,6' 8.75'',6' 9.75'',8' 11'',222.2,6' 11'',2017
Tyler Lydon,PF,0.14,8.75,8.75,6' 8.25'',6' 9.5'',8' 11.5'',215,7' 0'',2017
Frank Mason III,PG,0.04,8,9.25,5' 11'',6' 0'',7' 10'',188.8,6' 3.25'',2017
Kennedy Meeks,C,0.12,8.75,8.75,6' 8.75'',6' 10.25'',8' 10'',276.6,7' 1'',2017
Donovan Mitchell,SG,0.06,8.5,9.5,6' 1.25'',6' 3'',8' 1'',211.4,6' 10'',2017
Monte Morris,PG,0.07,8.25,8.75,6' 1.25'',6' 2.5'',8' 0.5'',175.2,6' 4'',2017
Johnathan Motley,PF,-%,9,9.5,6' 7.75'',6' 8.75'',9' 0'',238.2,7' 4'',2017
Svi Mykhailiuk,SG-SF,0.11,8,9.25,6' 6.5'',6' 7.5'',8' 4'',219.6,6' 5'',2017
Semi Ojeleye,SF-SG,0.06,8.75,9.5,6' 5.25'',6' 6.75'',8' 6'',241.4,6' 9.75'',2017
Cameron Oliver,PF,0.08,9.5,10.25,6' 7'',6' 8.25'',8' 10.5'',238.6,7' 1.25'',2017
Justin Patton,C,0.08,8.75,9.75,6' 10'',6' 11.25'',9' 3.5'',229,7' 3'',2017
Alec Peters,PF,0.09,8.75,10,6' 7.25'',6' 8.75'',8' 9'',232,6' 10.75'',2017
Ivan Rabb,PF,0.07,8.75,9,6' 8.75'',6' 10'',9' 1'',219.6,7' 1.5'',2017
Davon Reed,SG-SF,0.07,9.25,9.5,6' 4.5'',6' 5.5'',8' 6'',206.2,7' 0'',2017
Devin Robinson,SF,0.03,9.25,10.25,6' 7'',6' 8.25'',8' 10'',189.6,7' 0.75'',2017
Kobi Simmons,PG,0.05,8.5,9.5,6' 3.25'',6' 4.5'',8' 3'',166.2,6' 6'',2017
Edmond Sumner,PG,0.08,8.25,9,6' 4'',6' 5.75'',8' 6.5'',176.4,6' 9'',2017
Caleb Swanigan,PF,-%,9.5,10.25,6' 7.5'',6' 8.5'',9' 0'',245.6,7' 3'',2017
Sindarius Thornwell,SG-SF,0.08,8.75,8.75,6' 3.5'',6' 4.75'',8' 7'',211.6,6' 10'',2017
Melo Trimble,PG,0.11,8,8.75,6' 1.25'',6' 2.5'',7' 11.5'',195.2,6' 2'',2017
Moritz Wagner,PF,0.07,8.75,10.75,6' 10'',6' 11.25'',9' 0'',231.2,7' 0'',2017
Derrick Walton Jr.,PG,0.06,8,8.5,5' 11'',6' 0.75'',7' 11'',188.6,6' 2.5'',2017
Thomas Welsh,PF-C,0.11,9,10.5,6' 11.5'',7' 0.5'',9' 1.5'',254,7' 0'',2017
Derrick White,PG,0.06,8.25,8.5,6' 3.25'',6' 4.5'',8' 5.5'',189.8,6' 7.5'',2017
Nigel Williams-Goss,PG,0.06,8.75,9.25,6' 1.5'',6' 3'',8' 3'',190.2,6' 7.25'',2017
D.J. Wilson,PF,0.06,9.25,10.25,6' 8.75'',6' 10.5'',9' 1.5'',234.4,7' 3'',2017
Omer Yurtseven,C,0.08,9,10.5,6' 10.5'',6' 11.75'',9' 0.5'',248.4,7' 1'',2017
Ron Baker,SG,0.08,8.75,9.5,6' 3.25'',6' 4.25'',8' 1.5'',212.4,6' 9.75'',2016
Wade Baldwin IV,PG,0.05,9,9.75,6' 2.5'',6' 4'',8' 4'',201.8,6' 11.25'',2016
Cat Barber,PG,0.05,8,8.5,6' 1.5'',6' 2.75'',7' 11.5'',173,6' 5.5'',2016
Malik Beasley,SG,0.07,8.5,9,6' 3.5'',6' 4.5'',8' 4.5'',189.8,6' 7'',2016
DeAndre Bembry,SG-SF,0.07,8,9.25,6' 4.25'',6' 5.75'',8' 5'',206.6,6' 9.25'',2016
Ben Bentil,PF,0.1,9.5,10,6' 7.25'',6' 8.25'',8' 9'',229.2,7' 1.5'',2016
Jaron Blossomgame,SF,0.05,8.5,10,6' 6.25'',6' 7.25'',8' 6'',213.6,6' 10'',2016
Joel Bolomboy,PF,0.05,9,10.25,6' 7.5'',6' 9'',8' 7.5'',224.4,7' 1.75'',2016
Malcolm Brogdon,SG,0.05,9,10.25,6' 3.75'',6' 5.5'',8' 2'',223,6' 10.5'',2016
Jaylen Brown,SG-SF,0.05,8.75,9,6' 5.25'',6' 6.75'',8' 6.5'',222.8,6' 11.75'',2016
Marquese Chriss,PF,0.09,9,9,6' 8.75'',6' 10'',8' 9'',233,7' 0.25'',2016
Elgin Cook,SF,0.06,8.5,10.25,6' 5'',6' 6.25'',8' 4.5'',209.8,6' 10'',2016
Isaiah Cousins,PG,0.05,8.25,8.75,6' 3.25'',6' 4.5'',8' 2.5'',194,6' 6.25'',2016
Deyonta Davis,PF,0.1,9,9.25,6' 9.25'',6' 10.5'',9' 0.5'',237.2,7' 2.5'',2016
Cheick Diallo,PF,0.06,8.5,9.75,6' 7.5'',6' 9'',8' 11.5'',218.6,7' 4.5'',2016
Kris Dunn,PG,-%,-,-,6' 3'',6' 4.25'',8' 4'',0,6' 9.5'',2016
Henry Ellenson,PF,0.11,8.5,9.75,6' 10'',6' 11.5'',9' 0'',242,7' 2.25'',2016
Perry Ellis,PF,0.05,8,8.5,6' 7'',6' 8.25'',8' 6'',217.8,6' 10.25'',2016
Kay Felder,PG,0.06,8.25,8.5,5' 8.25'',5' 9.5'',7' 4.5'',177.2,6' 2.5'',2016
Dorian Finney-Smith,SF,0.06,9,9.75,6' 6.5'',6' 7.75'',8' 9.5'',212.6,6' 11.75'',2016
Michael Gbinije,SG,0.05,8,9,6' 5.5'',6' 6.75'',8' 5'',204.6,6' 7.5'',2016
Daniel Hamilton,SG-SF,0.06,9,8.5,6' 6.25'',6' 8'',8' 7.5'',197,6' 9'',2016
Josh Hart,SG,0.06,8.5,9.25,6' 4'',6' 5.5'',8' 3.5'',203.6,6' 8.5'',2016
Nigel Hayes,SF-PF,0.11,8.5,9.5,6' 6.25'',6' 7.25'',8' 11.5'',245,7' 3'',2016
Buddy Hield,SG,0.06,8.5,9,6' 3.75'',6' 5'',8' 5'',212.4,6' 9.25'',2016
Justin Jackson,SF,0.08,8.75,8.75,6' 7'',6' 8.25'',8' 7.5'',193.4,6' 10.75'',2016
Demetrius Jackson,PG,0.07,8.25,9,6' 0'',6' 1.25'',7' 9'',193.8,6' 5.5'',2016
Brice Johnson,PF,0.08,9,8.25,6' 9'',6' 10.5'',8' 10.5'',208.6,7' 0.5'',2016
Damian Jones,C,0.07,8.75,10.5,6' 10.25'',6' 11.5'',8' 11'',243.6,7' 3.75'',2016
Skal Labissiere,PF-C,0.06,8.75,9,6' 10.5'',6' 11.75'',8' 9.5'',215.8,7' 2.5'',2016
Jake Layman,SF,0.07,8.25,9.25,6' 8'',6' 9.25'',8' 6'',208.6,6' 9.25'',2016
Caris LeVert,SG,0.08,8.5,9.25,6' 5.75'',6' 7'',8' 5'',191,6' 10'',2016
Marcus Lee,PF-C,0.05,9,9,6' 9'',6' 10.25'',8' 11.5'',211,7' 3'',2016
Thon Maker,PF,0.06,8.75,9.5,6' 11.75'',7' 0.75'',9' 2.5'',216,7' 3'',2016
Patrick McCaw,PG-SG,0.05,8.75,8.75,6' 5.25'',6' 6.75'',8' 4.5'',180.8,6' 10'',2016
Malik Newman,SG,0.06,8.25,9.25,6' 2.25'',6' 3.5'',8' 1.5'',182.2,6' 5.75'',2016
Georges Niang,PF,0.1,9.25,9.25,6' 6.75'',6' 8.5'',8' 7'',230.8,6' 10'',2016
Chinanu Onuaku,C,0.09,9,8,6' 9'',6' 10'',9' 0.5'',245.2,7' 2.75'',2016
Marcus Paige,PG,0.04,7.75,8.75,6' 0.5'',6' 1.75'',8' 1'',163.8,6' 6.25'',2016
Gary Payton II,PG,0.04,8.75,9.5,6' 2'',6' 3'',8' 3.5'',183.8,6' 8'',2016
Jakob Poeltl,C,0.06,9.25,10.25,7' 0.25'',7' 1'',9' 3.5'',239,7' 2.75'',2016
Taurean Prince,SF,0.06,9,8.5,6' 6.5'',6' 7.75'',8' 6'',220.2,6' 11.5'',2016
Zhou Qi,PF-C,0.05,9.25,9.5,7' 1.25'',7' 2.25'',9' 4.5'',218.2,7' 7.75'',2016
Malachi Richardson,SG-SF,0.07,8.75,10,6' 4.75'',6' 6.25'',8' 5.5'',199.6,7' 0'',2016
Wayne Selden,SG,0.07,9,9.25,6' 4.25'',6' 5.75'',8' 5'',232.4,6' 10.5'',2016
Pascal Siakam,PF,0.05,9.25,10,6' 8.25'',6' 9.5'',8' 11.5'',226.6,7' 3.25'',2016
Diamond Stone,C,0.13,8.5,7.75,6' 9'',6' 10.25'',9' 0.5'',254.4,7' 2.75'',2016
Caleb Swanigan,PF,0.13,9,10.25,6' 7.5'',6' 8.5'',8' 11'',246.6,7' 3.5'',2016
Melo Trimble,PG,0.08,8,8.75,6' 1.25'',6' 2.5'',7' 8.5'',191.8,6' 2'',2016
Tyler Ulis,PG,0.05,7.5,7.5,5' 8.75'',5' 10'',7' 4.5'',149.2,6' 2'',2016
Jarrod Uthoff,PF,0.06,8.75,9,6' 8.5'',6' 9.75'',8' 8'',214.4,6' 11.5'',2016
Denzel Valentine,SG-SF,0.09,8.5,9.75,6' 4'',6' 5.75'',8' 6'',210.4,6' 10.75'',2016
Isaiah Whitehead,PG-SG,0.09,8.5,8.75,6' 3.25'',6' 4.5'',8' 4'',210,6' 8.75'',2016
Troy Williams,SF,0.1,8.25,9.25,6' 5.75'',6' 6.75'',8' 6'',217.8,6' 8.25'',2016
Kyle Wiltjer,PF,0.15,8.25,9.5,6' 8.75'',6' 10'',8' 6.5'',242.8,7' 0.25'',2016
Stephen Zimmerman,C,0.11,9,9,6' 10.25'',6' 11.75'',9' 0.5'',234,7' 3.25'',2016
Cliff Alexander,PF-C,0.06,9.5,10.25,6' 7.25'',6' 8.5'',9' 1.5'',239.2,7' 3.5'',2015
Justin Anderson,SF-SG,0.05,8.5,9.5,6' 5.25'',6' 6.25'',8' 5'',230.6,6' 11.75'',2015
Brandon Ashley,PF,0.09,9,9.5,6' 7.25'',6' 8.5'',8' 9'',228,7' 3.75'',2015
Ryan Boatright,PG,0.07,7.5,8.75,5' 10'',5' 11'',7' 8.5'',169.6,6' 0.5'',2015
Devin Booker,SG,0.08,8.75,9,6' 4.5'',6' 5.75'',8' 6.5'',205.8,6' 8.25'',2015
Anthony Brown,SF-SG,0.06,8.5,9,6' 5.75'',6' 7.25'',8' 8.5'',211,6' 11'',2015
Willie Cauley-Stein,C,0.06,9.5,9,6' 11.25'',7' 0.5'',9' 3'',242.4,7' 3'',2015
Rakeem Christmas,PF-C,0.1,9.25,9,6' 8.25'',6' 9.75'',9' 2.5'',242.6,7' 5.25'',2015
Pat Connaughton,SG,0.1,8.5,9.25,6' 4'',6' 5.25'',8' 0'',215,6' 8'',2015
Quinn Cook,PG,0.07,7.5,8.75,6' 0.25'',6' 2'',8' 0.5'',179,6' 4'',2015
Branden Dawson,PF,0.06,9,8.75,6' 5.5'',6' 6.75'',8' 9'',230.2,6' 11'',2015
Sam Dekker,SF,0.08,8.5,9.25,6' 7.75'',6' 9'',8' 10'',218.6,6' 11.5'',2015
Michael Frazier II,SG,0.07,8.25,9.25,6' 3.75'',6' 4.25'',8' 5.5'',199.4,6' 8'',2015
Treveon Graham,SF,0.06,8.5,8.25,6' 4'',6' 5.75'',8' 7'',219.4,6' 10.5'',2015
Jerian Grant,PG,0.06,8.25,8.5,6' 3.25'',6' 4.25'',8' 4'',198,6' 7.5'',2015
Olivier Hanlan,PG-SG,0.04,8,8.75,6' 3.25'',6' 4.25'',8' 4'',185.8,6' 6'',2015
Montrezl Harrell,PF,0.12,9,9.75,6' 7'',6' 7.5'',9' 1'',253.4,7' 4.25'',2015
Andrew Harrison,PG,0.06,8.25,9.25,6' 4.5'',6' 5.5'',8' 4'',213.2,6' 9'',2015
Aaron Harrison,SG,0.06,8.75,10,6' 4.5'',6' 6'',8' 4.5'',209.2,6' 8.25'',2015
Tyler Harvey,SG,0.09,7.75,8.75,6' 2.75'',6' 4'',8' 2.5'',181.4,6' 5.5'',2015
Corey Hawkins,SG-PG,0.06,8.75,9,6' 0.75'',6' 1.75'',8' 3.5'',191.8,6' 8'',2015
Rondae Hollis-Jefferson,SF,0.05,8.75,9.75,6' 5.5'',6' 7'',8' 8'',210.8,7' 2'',2015
Richaun Holmes,PF,0.09,8.5,8.5,6' 8.25'',6' 9.5'',9' 0'',242.8,7' 1.5'',2015
Jonathan Holmes,PF-SF,0.07,8.25,9.5,6' 8.25'',6' 9.25'',8' 11.5'',242.2,6' 11.5'',2015
R.J. Hunter,SG,0.06,8.5,8.25,6' 4.5'',6' 6'',8' 8'',185,6' 10.5'',2015
Vince Hunter,PF,0.05,9,8.75,6' 6.75'',6' 7.5'',8' 8.5'',208.4,6' 11'',2015
Dakari Johnson,C,0.15,9.25,10.5,6' 11'',6' 11.75'',9' 4'',264.6,7' 2'',2015
Stanley Johnson,SF,0.08,9,9,6' 5'',6' 6.5'',8' 6'',241.8,6' 11.5'',2015
Tyus Jones,PG,0.07,8.25,8.75,6' 0.5'',6' 2'',8' 1'',184.6,6' 5'',2015
Frank Kaminsky,C-PF,0.09,8.5,9.5,6' 11.75'',7' 0.75'',9' 1.5'',231.2,6' 11'',2015
Kevon Looney,PF,0.12,9.5,9.25,6' 8'',6' 9.25'',9' 2'',222.4,7' 3.5'',2015
Trey Lyles,PF,0.12,9.25,10.25,6' 9'',6' 10.25'',9' 0'',241.2,7' 1.5'',2015
Jarell Martin,PF,0.1,8.25,9.5,6' 8'',6' 9.25'',8' 10.5'',238.6,6' 9'',2015
TJ McConnell,PG,0.07,7.5,7,6' 0.5'',6' 2'',8' 0.5'',187.8,6' 2'',2015
Chris McCullough,PF,0.06,8.75,8.75,6' 8.25'',6' 9'',9' 1'',199,7' 3.25'',2015
Jordan Mickey,PF,0.07,8.75,9.5,6' 7'',6' 8.25'',8' 10'',238,7' 3.25'',2015
Larry Nance,PF,0.06,9,9.75,6' 7.5'',6' 8.5'',9' 0'',226.6,7' 1.5'',2015
Kelly Oubre,SF-SG,0.06,9,8.75,6' 5.75'',6' 6.75'',8' 6.5'',202.8,7' 2.25'',2015
Cameron Payne,PG,0.06,8.5,8.25,6' 0.75'',6' 1.5'',8' 1.5'',182.8,6' 7.25'',2015
Terran Petteway,SG,0.05,8.25,8.25,6' 4.75'',6' 6'',8' 8.5'',209.2,6' 11.25'',2015
Bobby Portis,PF,0.09,9.5,9.25,6' 9.5'',6' 10.5'',9' 0.5'',246.2,7' 2'',2015
Norman Powell,SG,0.06,9.25,9,6' 3'',6' 4.25'',8' 6.5'',215.4,6' 10.75'',2015
Michael Qualls,SG-SF,0.04,9,10.25,6' 4'',6' 5'',8' 8.5'',201.4,7' 0.25'',2015
Chasson Randle,PG,0.05,8.5,9.5,6' 0.25'',6' 1.5'',8' 0.5'',178.8,6' 7'',2015
Terry Rozier,PG-SG,0.06,8.25,8.5,6' 0.5'',6' 2.25'',8' 2.5'',190.2,6' 8.25'',2015
D?Angelo Russell,PG-SG,0.08,8.75,9.75,6' 3.25'',6' 5'',8' 6'',193.4,6' 9.75'',2015
Keifer Sykes,PG,0.05,8.5,9.5,5' 10.5'',5' 11.75'',7' 9'',167.2,6' 2'',2015
Marcus Thornton,PG-SG,0.05,8.25,8.5,6' 1.75'',6' 2.75'',8' 1.5'',177.4,6' 7.75'',2015
J.P. Tokoto,SF-SG,0.04,8,8.75,6' 5.25'',6' 6.25'',8' 4.5'',195.8,6' 10'',2015
Myles Turner,C-PF,0.09,9.25,9.25,6' 9.75'',6' 11.5'',9' 4'',238.6,7' 4'',2015
Robert Upshaw,C,0.13,10,11,6' 10.75'',7' 0'',9' 5'',258.2,7' 5.5'',2015
Rashad Vaughn,SG,0.06,8,8.5,6' 3.75'',6' 5'',8' 5'',198.6,6' 7'',2015
Chris Walker,PF,0.05,9,9,6' 8.75'',6' 9.25'',9' 0'',208,7' 2.75'',2015
Dez Wells,SG,0.08,8.75,9.75,6' 3'',6' 4'',8' 4.5'',208.8,6' 9.5'',2015
Alan Williams,PF,0.12,8.5,9.5,6' 7.25'',6' 8.25'',8' 10.5'',261.4,7' 1.75'',2015
Justise Winslow,SF,0.05,8.5,9.25,6' 4.5'',6' 6.5'',8' 8.5'',221.8,6' 10.25'',2015
Christian Wood,PF,0.15,9.25,10.75,6' 9.25'',6' 10.5'',9' 3.5'',216,7' 3.25'',2015
Delon Wright,PG,0.07,8,8.5,6' 4.25'',6' 5.5'',8' 5.5'',181.4,6' 7.5'',2015
Jordan Adams,SG,0.11,8.5,7.5,6' 3.5'',6' 4.75'',8' 6'',208.8,6' 10'',2014
Kyle Anderson,SF,0.13,8.25,8.75,6' 7.5'',6' 8.5'',8' 11.5'',230.1,7' 2.75'',2014
Thanasis Antetokounmpo,SF,0.06,9,9.75,6' 5.25'',6' 6.25'',8' 8.5'',205.2,7' 0'',2014
Jordan Bachynski,PF,0.07,9.25,10,7' 1.25'',7' 2'',9' 0.5'',254.1,7' 4'',2014
Cameron Bairstow,PF,0.09,8.75,9,6' 8.75'',6' 9.75'',8' 11'',252.4,7' 0.75'',2014
Khem Birch,PF,0.06,9,8.5,6' 7.5'',6' 9.25'',8' 11'',208.8,7' 1'',2014
Alec Brown,PF,0.08,9.25,8.75,7' 0.25'',7' 1.25'',9' 1'',231.2,7' 1.5'',2014
Markel Brown,SG,0.04,8.25,9.75,6' 2.5'',6' 3.5'',8' 4'',184.4,6' 8.75'',2014
Jabari Brown,SG,0.06,9,9.25,6' 3'',6' 4.25'',8' 4'',201.9,6' 8.25'',2014
Deonte Burton,PG,0.08,8.25,8,6' 0'',6' 1.25'',8' 1.5'',192.8,6' 7'',2014
Semaj Christon,PG,0.05,8.5,8.25,6' 1.5'',6' 3.25'',8' 3'',186,6' 6.5'',2014
Jordan Clarkson,PG,0.04,8.25,9,6' 3.25'',6' 5'',8' 2'',186.3,6' 8'',2014
Aaron Craft,PG,0.06,7.75,8.5,6' 0.75'',6' 1.75'',7' 10.5'',191.6,6' 2'',2014
DeAndre Daniels,SF,0.04,9.25,10.5,6' 7.25'',6' 8.5'',8' 10.5'',196,7' 2'',2014
Spencer Dinwiddie,PG,0.05,8.25,9,6' 4.5'',6' 6'',8' 7'',204.9,6' 8.25'',2014
Cleanthony Early,SF,0.04,8.5,9,6' 6'',6' 7.25'',8' 5.5'',209.4,6' 10.75'',2014
Melvin Ejim,SF,0.06,8.75,9.25,6' 5.25'',6' 7'',8' 7.5'',218.5,6' 11.25'',2014
Tyler Ennis,PG,0.06,8.25,8.75,6' 1'',6' 2.5'',8' 2'',181.5,6' 7.25'',2014
Dante Exum,SG,0.06,8.5,9.5,6' 4.5'',6' 6'',8' 7'',196.3,6' 9.5'',2014
C.J. Fair,SF,0.05,9,9,6' 6.5'',6' 8'',8' 8'',218.1,6' 9.5'',2014
Aaron Gordon,PF,0.05,8.75,10.5,6' 7.5'',6' 8.75'',8' 9'',220.1,6' 11.75'',2014
Jerami Grant,SF,0.04,9.25,9.25,6' 6.5'',6' 7.75'',8' 11'',214,7' 2.75'',2014
P.J. Hairston,SG,0.08,8.75,9.75,6' 4.25'',6' 5.25'',8' 5'',228.8,6' 9'',2014
Gary Harris,SG,0.05,8.5,9.5,6' 2.5'',6' 4.5'',8' 0'',204.8,6' 6.75'',2014
Joe Harris,SG,0.06,8.5,9.75,6' 4.75'',6' 6.25'',8' 4'',215,6' 6'',2014
Rodney Hood,SF,0.07,8.5,8.5,6' 7.25'',6' 8.5'',8' 7'',208.2,6' 8.5'',2014
Cory Jefferson,PF,0.05,8.75,9.75,6' 7.75'',6' 9'',8' 9'',218.4,7' 0.5'',2014
Nick Johnson,SG,0.06,8.75,9.75,6' 1.5'',6' 3'',8' 0.5'',198,6' 7.25'',2014
Sean Kilpatrick,SG,0.09,9,9,6' 2.5'',6' 4.25'',8' 3'',218.7,6' 7'',2014
Alex Kirk,PF,0.14,9.25,10.5,6' 9.25'',6' 10.75'',9' 1.5'',252,7' 3.5'',2014
Zach LaVine,PG,0.05,8.25,8.75,6' 4.5'',6' 5.75'',8' 4'',180.9,6' 8.25'',2014
Devyn Marble,SG,0.07,8.25,8.5,6' 5'',6' 6.5'',8' 6'',192.4,6' 9'',2014
James McAdoo,PF,0.06,9.25,9,6' 7.5'',6' 8.75'',8' 10.5'',227.6,7' 2.25'',2014
K.J. McDaniels,SF,0.04,8.75,9.75,6' 4.5'',6' 6'',8' 6'',195.6,6' 11.25'',2014
Doug McDermott,SF,0.07,8.75,9.75,6' 6.25'',6' 7.75'',8' 7'',218,6' 9.25'',2014
Jordan McRae,SG,0.05,8.75,8.5,6' 3.75'',6' 5.25'',8' 8'',179.4,7' 0.5'',2014
Shabazz Napier,PG,0.07,8.25,8.5,5' 11'',6' 1'',7' 9'',175.2,6' 3.25'',2014
Johnny O?Bryant III,PF,0.11,9.25,9.5,6' 7.25'',6' 8.5'',8' 9'',256.8,7' 2.25'',2014
Lamar Patterson,SG,0.11,9,9.25,6' 4'',6' 5.25'',8' 5'',226,6' 11'',2014
Adreian Payne,PF,0.08,9.25,9.5,6' 9'',6' 9.75'',9' 1'',238.5,7' 4'',2014
Elfrid Payton,PG,0.06,8.75,9,6' 2.5'',6' 3.75'',8' 2.5'',185.4,6' 8'',2014
Dwight Powell,PF,0.06,9,9.25,6' 9.5'',6' 11'',8' 9'',234.4,7' 0.5'',2014
Julius Randle,PF,0.09,8.75,8.25,6' 7.75'',6' 9'',8' 9.5'',249.7,7' 0'',2014
Glenn Robinson III,SF,0.05,9,9.5,6' 5.5'',6' 6.75'',8' 4.5'',211.4,6' 10'',2014
LaQuinton Ross,SF,0.16,8.75,9.75,6' 6.5'',6' 7.5'',8' 10'',238.7,7' 1.75'',2014
Marcus Smart,PG,0.11,9,8.75,6' 2'',6' 3.25'',8' 3'',227.2,6' 9.25'',2014
Russ Smith,PG,0.04,8.25,8.5,5' 11.5'',6' 0.75'',7' 11'',160,6' 3.5'',2014
Nik Stauskas,SG,0.12,8.5,8.5,6' 5.25'',6' 6.5'',8' 6'',206.9,6' 7.75'',2014
Jarnell Stokes,PF,0.08,9.75,10.5,6' 7'',6' 8.5'',8' 7.5'',262.8,7' 1.25'',2014
Xavier Thames,PG,0.06,8.25,9,6' 2.25'',6' 3.5'',8' 0'',187,6' 4'',2014
Noah Vonleh,PF,0.07,9.75,11.75,6' 8'',6' 9.5'',9' 0'',247.1,7' 4.25'',2014
T.J. Warren,SF,0.08,8.75,9,6' 7'',6' 8.25'',8' 8'',220.2,6' 10.25'',2014
C.J. Wilcox,SG,0.07,8.75,9,6' 3.5'',6' 5'',8' 4.5'',201,6' 9.75'',2014
Kendall Williams,PG,0.07,8,7.75,6' 2.25'',6' 3.75'',8' 3'',183,6' 5.5'',2014
Patric Young,PF,0.05,9.25,9.5,6' 8.5'',6' 10'',8' 7.5'',246.8,7' 1.75'',2014
James Young,SG,0.05,9,9.5,6' 5.25'',6' 6.75'',8' 8'',213.3,7' 0'',2014
Steven Adams,C,0.07,9.5,11,6' 10.75'',7' 0'',9' 1.5'',254.5,7' 4.5'',2013
Vander Blue,SG,0.05,8.5,9.5,6' 3.5'',6' 5.25'',8' 4.5'',197.4,6' 6'',2013
Lorenzo Brown,PG,0.04,8.25,8.5,6' 4'',6' 5.25'',8' 4'',189.2,6' 7'',2013
Reggie Bullock,SG-SF,0.07,8.5,9,6' 5.75'',6' 7'',8' 6'',199.8,6' 8.75'',2013
Trey Burke,PG,0.07,8.25,8.75,5' 11.75'',6' 1.25'',8' 1.5'',187,6' 5.5'',2013
Kentavious Caldwell-Pope,SG,0.06,8.5,9,6' 4.5'',6' 5.5'',8' 4.5'',203.6,6' 8'',2013
Isaiah Canaan,PG,0.06,8.25,9.5,5' 11'',6' 0'',7' 10.5'',188.4,6' 4.5'',2013
Jackie Carmichael,PF,0.06,9,10.25,6' 7.5'',6' 9'',8' 11'',241.2,7' 1.5'',2013
Michael Carter-Williams,PG,0.04,7.5,8.5,6' 4.75'',6' 5.75'',8' 5'',184.4,6' 7.25'',2013
Will Clyburn,SF-SG,0.07,9.25,10.25,6' 5.75'',6' 7'',8' 9'',210.4,7' 0.25'',2013
Robert Covington,SF-PF,0.05,9,8.5,6' 6.25'',6' 7.5'',8' 10'',208.6,7' 1.75'',2013
Allen Crabbe,SG,0.05,8.25,8.5,6' 5.25'',6' 6.25'',8' 7.5'',197.4,6' 11.25'',2013
Seth Curry,SG,0.1,8,8.25,6' 1'',6' 3'',8' 1.5'',179.2,6' 4'',2013
Brandon Davies,PF,0.09,9,11,6' 8.5'',6' 10.25'',9' 0.5'',241.8,7' 1.5'',2013
Dewayne Dedmon,C,0.08,9,11,6' 10'',6' 11.5'',9' 1'',238.8,7' 4'',2013
Gorgui Dieng,C,0.05,9,10,6' 9.75'',6' 10.75'',9' 3.5'',229.6,7' 3.5'',2013
James Ennis,SF,0.05,8.5,8.75,6' 5.75'',6' 7'',8' 8.5'',200.8,6' 11.5'',2013
Carrick Felix,SF-SG,0.03,8.5,9.5,6' 4.75'',6' 6.25'',8' 7.5'',202.6,6' 9.25'',2013
Jamaal Franklin,SG-SF,0.08,8.5,8.25,6' 4'',6' 5.25'',8' 7.5'',190.8,6' 11.25'',2013
Rudy Gobert,C,0.04,9.75,10,7' 0.5'',7' 2'',9' 7'',237.6,7' 8.5'',2013
Archie Goodwin,SG,0.05,8.5,9,6' 3.75'',6' 5.25'',8' 6'',189,6' 9.5'',2013
Erick Green,PG,0.04,8.5,9,6' 1.5'',6' 3'',8' 2'',178.2,6' 5.75'',2013
Tim Hardaway Jr.,SG,0.06,8,9.25,6' 4.5'',6' 6.25'',8' 5'',199.4,6' 7'',2013
Solomon Hill,SF,0.08,9,10.5,6' 5.5'',6' 7'',8' 7'',226,6' 9'',2013
Richard Howell,PF,0.09,8.75,9.5,6' 6.25'',6' 7.5'',8' 9.5'',249.6,6' 10.25'',2013
Colton Iverson,C,0.1,9.25,9.5,6' 10.5'',7' 0'',9' 2'',262.8,7' 2'',2013
Pierre Jackson,PG,0.05,7.5,8.25,5' 9.5'',5' 10.5'',7' 6'',176,5' 10'',2013
Grant Jerrett,PF,0.1,8.5,9.25,6' 8.75'',6' 10.25'',9' 1'',232,7' 2'',2013
Myck Kabongo,PG,0.06,8.25,9,6' 1.25'',6' 2.75'',8' 2'',180.4,6' 6.25'',2013
Kenny Kadji,PF-C,0.07,9,10.25,6' 8.75'',6' 10'',8' 10.5'',241.6,7' 3'',2013
Ryan Kelly,PF,0.15,9,10,6' 9.75'',6' 11.75'',9' 2'',228,6' 11.5'',2013
Shane Larkin,PG,0.04,7.5,8.75,5' 10.25'',5' 11.5'',7' 5.5'',170.8,5' 10.75'',2013
Ricky Ledo,SG,0.1,8.5,9.25,6' 4.75'',6' 6'',8' 6.5'',197.2,6' 7.25'',2013
Alex Len,C,0.06,9,10.75,,,,-,7' 3.5'',2013
CJ Leslie,PF-SF,0.08,8.75,9,6' 7.5'',6' 8.75'',8' 8.5'',209.2,7' 2.25'',2013
Trevor Mbakwe,PF,0.06,9.5,11.5,6' 6.75'',6' 8'',8' 10.5'',235.8,7' 4'',2013
Ray McCallum,PG,0.07,8,8.75,6' 0.25'',6' 1.75'',8' 0.5'',191.4,6' 3.25'',2013
CJ McCollum,PG-SG,0.09,8,9.5,6' 2.25'',6' 3.25'',8' 0.5'',197,6' 6.25'',2013
Ben McLemore,SG,0.05,8.75,9.5,6' 3.5'',6' 4.75'',8' 4.5'',189.2,6' 7.75'',2013
Tony Mitchell,PF-SF,0.06,9,10,6' 7.5'',6' 8.75'',8' 10.5'',236.4,7' 2.5'',2013
Shabazz Muhammad,SF-SG,0.09,9,10,6' 4.75'',6' 6.25'',8' 8.5'',221.8,6' 11'',2013
Erik Murphy,PF,0.08,8.75,9.75,6' 8.75'',6' 9.5'',9' 0'',239.8,6' 10.5'',2013
Mike Muscala,C-PF,0.07,8.5,9,6' 10.25'',6' 11.5'',9' 0'',230.2,7' 1'',2013
Nerlens Noel,C,0.04,9.5,10,6' 10'',6' 11.75'',9' 2'',206.4,7' 3.75'',2013
Victor Oladipo,SG,0.07,8.75,9.25,6' 3.25'',6' 4.25'',8' 4.5'',213.2,6' 9.25'',2013
Kelly Olynyk,PF-C,0.07,8.5,10,6' 10.75'',7' 0'',9' 0'',234,6' 9.75'',2013
Brandon Paul,SG,0.05,8.5,9.5,6' 2.75'',6' 4'',8' 2'',201,6' 10.25'',2013
Norvel Pelle,PF-C,0.05,8.75,9.5,6' 9.5'',6' 10.5'',9' 1'',207.2,7' 2.5'',2013
Mason Plumlee,C-PF,0.06,9.75,9.5,6' 11.25'',7' 0.5'',9' 0'',238.2,6' 11'',2013
Otto Porter,SF,0.07,8.75,9.25,6' 7.5'',6' 8.5'',8' 9.5'',197.6,7' 1.5'',2013
Phil Pressey,PG,0.05,7.75,9.75,5' 9.5'',5' 11.5'',7' 8'',177,6' 2.25'',2013
Glen Rice,SF-SG,0.08,8.5,9,6' 4.5'',6' 5.75'',8' 5.5'',210.8,6' 9.25'',2013
Andre Roberson,PF-SF,0.07,8.75,9.5,6' 6.25'',6' 7'',8' 8.5'',205.8,6' 11'',2013
Dennis Schroder,PG,0.04,8.75,10.5,6' 1'',6' 2'',8' 2'',164.8,6' 7.75'',2013
Peyton Siva,PG,0.06,8,9.75,5' 11.5'',6' 1'',7' 9'',180.6,6' 3'',2013
Tony Snell,SF-SG,0.05,9,9.5,6' 6'',6' 7.25'',8' 9.5'',198.2,6' 11.5'',2013
James Southerland,SF-PF,0.08,8,9.5,6' 7'',6' 8'',8' 10'',220.6,7' 1'',2013
Adonis Thomas,SF,0.08,9.25,9.5,6' 4.75'',6' 5.75'',8' 3'',231.8,7' 1'',2013
Deshaun Thomas,SF,0.09,8,8.75,6' 5'',6' 7'',8' 8'',219.8,6' 10'',2013
Jeff Withey,C,0.09,9,9.75,6' 10.75'',7' 0.5'',9' 2.5'',221.8,7' 2'',2013
Nate Wolters,PG,0.06,8.25,8.75,6' 3.5'',6' 4.75'',8' 2'',196.4,6' 3.75'',2013
BJ Young,SG-PG,0.05,8.5,9.5,6' 2.25'',6' 3.5'',8' 3'',178.8,6' 8.25'',2013
Cody Zeller,C-PF,0.05,8.5,10.5,6' 10.75'',7' 0.25'',8' 10'',230,6' 10.75'',2013
Quincy Acy,PF,0.07,9.5,11,6' 6.5'',6' 7.75'',8' 10.5'',223.8,7' 2.75'',2012
Harrison Barnes,SF-SG,0.1,9,8.5,6' 7'',6' 8'',8' 5.5'',227.8,6' 11.25'',2012
Will Barton,SG-SF,0.04,9,9.5,6' 5'',6' 6'',8' 6.5'',174.4,6' 9.75'',2012
Bradley Beal,SG,0.06,8.5,9,6' 3.25'',6' 4.75'',8' 4'',201.8,6' 8'',2012
J'Covan Brown,PG,0.13,7.75,8.25,6' 1'',6' 2.25'',8' 0'',202.4,6' 5.25'',2012
William Buford,SG-SF,0.11,8.75,10,6' 4'',6' 5'',8' 6'',214.6,6' 9.5'',2012
Jae Crowder,SF,0.09,9.5,10.5,6' 4.75'',6' 6.5'',8' 3.5'',241.2,6' 9.25'',2012
Jared Cunningham,SG-PG,0.04,8.25,9,6' 3.5'',6' 5'',8' 2'',187.6,6' 6.5'',2012
Anthony Davis,PF-C,0.08,9,8.5,6' 9.25'',6' 10.5'',9' 0'',221.8,7' 5.5'',2012
Marcus Denmon,SG,0.07,8.25,9.75,6' 2.25'',6' 3.25'',7' 10.5'',188.2,6' 5'',2012
Andre Drummond,C,0.08,9.5,9.5,6' 9.75'',6' 11.75'',9' 1.5'',278.6,7' 6.25'',2012
Kim English,SG,0.04,8.5,8.75,6' 4.5'',6' 5.75'',8' 2'',192,6' 6.5'',2012
Festus Ezeli,C-PF,0.06,9,10.75,6' 9.75'',6' 11.5'',9' 0'',264.2,7' 5.75'',2012
Drew Gordon,PF,0.09,8.5,9.75,6' 8'',6' 8.75'',8' 7.5'',239,6' 11.5'',2012
JaMychal Green,PF,0.1,9.25,9.25,6' 8'',6' 9'',8' 10.5'',217.4,7' 2.25'',2012
Draymond Green,PF-SF,0.11,9,9.5,6' 5.75'',6' 7.5'',8' 9'',235.6,7' 1.25'',2012
Maurice Harkless,SF,0.05,9.25,10.25,6' 7.25'',6' 8.75'',8' 6.5'',206.6,7' 0'',2012
John Henson,PF,0.09,9.25,10,6' 9'',6' 10.5'',9' 4'',216,7' 5'',2012
Tu Holloway,PG,0.09,8.75,10,5' 10.5'',5' 11.75'',7' 10.5'',186.8,6' 5.5'',2012
Robbie Hummel,SF,0.09,8.5,9.5,6' 7.25'',6' 8.5'',8' 6'',218,6' 8.5'',2012
Bernard James,PF,0.05,9,9.25,6' 8.75'',6' 10'',9' 0.5'',229.8,7' 3'',2012
John Jenkins,SG,0.07,9,9,6' 3.25'',6' 4.25'',8' 2'',212,6' 8.5'',2012
Orlando Johnson,SG,0.07,9,9.5,6' 3.75'',6' 5.25'',8' 3'',223.8,6' 11.25'',2012
Darius Johnson-Odom,SG,0.07,8.75,8.75,6' 1.5'',6' 3'',8' 0'',212,6' 7'',2012
Terrence Jones,PF-SF,0.08,9,10,6' 8.25'',6' 9.5'',8' 11'',252,7' 2.25'',2012
Kevin Jones,PF,0.11,9,7.75,6' 6.25'',6' 7.5'',8' 9'',251.2,7' 1.5'',2012
Perry Jones,PF-SF,0.05,9.25,9.5,6' 10.25'',6' 11.25'',8' 11'',233.8,7' 1.75'',2012
Kris Joseph,SG,0.09,9,9,6' 6'',6' 7'',8' 8'',215,6' 11'',2012
Michael Kidd-Gilchrist,SF,0.07,9,10.25,6' 5.75'',6' 7.5'',8' 8.5'',232.8,7' 0'',2012
Doron Lamb,SG-PG,0.07,8.5,8.75,6' 3.25'',6' 4.75'',8' 2.5'',199.4,6' 6.75'',2012
Jeremy Lamb,SG,0.05,8.75,9.25,6' 4'',6' 5.25'',8' 6'',179.2,6' 11'',2012
Meyers Leonard,C,0.06,9.25,11,6' 11.75'',7' 1.25'',9' 0'',249.8,7' 3'',2012
Damian Lillard,PG,0.06,8.75,9.75,6' 1.75'',6' 2.75'',7' 11.5'',188.8,6' 7.75'',2012
Scott Machado,PG,0.06,8.5,9.5,6' 1'',6' 2'',7' 10.5'',205.8,6' 4'',2012
Kendall Marshall,PG,0.08,8.5,9,6' 3.25'',6' 4.25'',8' 0'',198.4,6' 5.5'',2012
Fab Melo,C,0.09,9,10,6' 10.75'',7' 0'',9' 2'',255,7' 2.5'',2012
Khris Middleton,SF,0.08,9,9,6' 6.75'',6' 8.25'',8' 7'',216.2,6' 10.75'',2012
Darius Miller,SF-SG,0.08,8.5,8.75,6' 6'',6' 7.5'',8' 5'',233.4,6' 9'',2012
Quincy Miller,SF,0.08,9.25,10.25,6' 8.75'',6' 10'',8' 9'',218.7,7' 1.25'',2012
Tony Mitchell,SG,0.06,8.5,10,6' 5.25'',6' 6.25'',8' 4'',216.4,6' 10'',2012
Arnett Moultrie,PF,0.08,9.25,9.25,6' 9.5'',6' 10.75'',8' 10.5'',232.8,7' 2.25'',2012
Kevin Murphy,SG,0.06,8.5,8.5,6' 5'',6' 6.25'',8' 3'',194,6' 6.75'',2012
Andrew Nicholson,PF,0.08,10,10.75,6' 8.5'',6' 9.5'',8' 11'',234,7' 4'',2012
Kyle O'Quinn,PF,0.08,9.5,10,6' 8.5'',6' 10'',8' 10.5'',240.8,7' 4.75'',2012
Miles Plumlee,PF-C,0.11,9.25,9,6' 10.5'',6' 11.75'',8' 9.5'',252.4,7' 0.75'',2012
Austin Rivers,SG-PG,0.06,8.5,10,6' 3.5'',6' 5'',8' 0.5'',202.8,6' 7.25'',2012
Thomas Robinson,PF,0.05,9.75,10.5,6' 7.75'',6' 8.75'',8' 10'',244.2,7' 3.25'',2012
Terrence Ross,SG-SF,0.03,8.75,10.25,6' 6'',6' 7'',8' 4.5'',196.6,6' 7.25'',2012
Tomas Satoransky,PG-SG,0.05,8.5,9.5,6' 6.5'',6' 7.5'',8' 4'',200.6,6' 7.25'',2012
Mike Scott,PF,0.11,8.5,9,6' 7.25'',6' 8.75'',8' 8'',240.8,6' 10.75'',2012
Henry Sims,C-PF,0.08,9.25,10,6' 10'',6' 11.75'',9' 0'',241.2,7' 4'',2012
Jared Sullinger,PF,0.11,9.25,9.75,6' 7.75'',6' 9'',8' 9.5'',268.2,7' 1.25'',2012
Tyshawn Taylor,PG,0.04,8.75,8.75,6' 2.75'',6' 4'',8' 1.5'',177,6' 6.25'',2012
Jordan Taylor,PG,0.06,8.25,9.5,6' 1'',6' 2'',7' 8.5'',192.8,6' 3'',2012
Jeff Taylor,SF-SG,0.04,8.25,9.75,6' 6'',6' 7.25'',8' 5.5'',212.8,6' 6.25'',2012
Marquis Teague,PG,0.06,8.25,7.75,6' 1'',6' 2'',8' 0.5'',179.8,6' 7.25'',2012
Hollis Thompson,SF,0.06,8.25,9.75,6' 6.75'',6' 8'',8' 6.5'',206,6' 9.5'',2012
Dion Waiters,SG,0.09,8.5,9.5,6' 2.5'',6' 4'',8' 2'',221,6' 7.25'',2012
Royce White,PF,0.11,9.5,11.5,6' 7'',6' 8'',8' 8.5'',260.6,7' 0'',2012
Tony Wroten,PG,0.05,8,9,6' 4.75'',6' 6'',8' 5'',203.2,6' 9'',2012
Tyler Zeller,PF-C,0.06,9,9.75,6' 11.25'',7' 0.5'',8' 8.5'',247.4,7' 0'',2012
Keith Benson,C-PF,0.06,9.5,11,6' 10'',6' 11'',9' 1.5'',217,7' 3.75'',2011
Marshon Brooks,SG,0.05,9,10.5,6' 4.25'',6' 5.25'',8' 5'',194.6,7' 1'',2011
Alec Burks,SG,0.05,9,8.25,6' 5'',6' 6'',8' 7.5'',192.6,6' 10'',2011
Jimmy Butler,SF,0.05,9,9,6' 6'',6' 7.75'',8' 5.5'',222.2,6' 7.5'',2011
Norris Cole,PG,0.05,8.5,9.5,6' 0.25'',6' 1.75'',7' 11.5'',174.4,6' 2.25'',2011
Jon Diebler,SG,0.09,8.25,8.25,6' 5.25'',6' 6.5'',8' 3'',196.6,6' 6'',2011
Michael Dunigan,PF-C,0.08,9,10.75,6' 8.5'',6' 10'',8' 11.5'',237.6,7' 3.25'',2011
LaceDarius Dunn,SG,0.06,9,10.25,6' 3'',6' 4'',8' 5'',187.8,6' 6.25'',2011
Kenneth Faried,PF,0.06,8.5,10.25,6' 6'',6' 7.5'',9' 0'',224.6,7' 0'',2011
James Fredette,PG,0.08,8,8.5,6' 0.75'',6' 2.5'',8' 0.5'',196,6' 4.5'',2011
Andrew Goudelock,PG,0.1,8.25,9.25,6' 1.25'',6' 2.75'',8' 0.5'',197.6,6' 4.25'',2011
Jordan Hamilton,SF,0.1,9,9.25,6' 6.75'',6' 8.5'',8' 8'',228.4,6' 9.5'',2011
Justin Harper,PF-SF,0.04,9,9.25,6' 8'',6' 8.75'',8' 10'',228,6' 11.75'',2011
Tobias Harris,SF-PF,0.08,8.75,9,6' 6.5'',6' 7.75'',8' 7.5'',222.8,6' 11'',2011
Tyler Honeycutt,SF,0.05,8.5,9.5,6' 6.75'',6' 8.25'',8' 9'',186.8,6' 9'',2011
Scotty Hopson,SG,0.05,8.5,10,6' 5.75'',6' 6.5'',8' 7.5'',204.6,6' 10.5'',2011
Kyrie Irving,PG,0.1,8.25,9.25,6' 1.75'',6' 3.5'',8' 3'',191,6' 4'',2011
Rick Jackson,PF,0.08,8.75,9.5,6' 8.25'',6' 9.25'',8' 10.5'',241.8,7' 2'',2011
Charles Jenkins,PG-SG,0.04,8.5,9,6' 1.5'',6' 3.25'',8' 0.5'',216.4,6' 7.5'',2011
JaJuan Johnson,PF,0.08,9,10,6' 9'',6' 10'',8' 11.5'',219.8,7' 2'',2011
Cory Joseph,PG,0.1,8.5,10.5,6' 2'',6' 3.25'',8' 3'',186.2,6' 5.5'',2011
Enes Kanter,PF-C,0.06,9.5,10.75,6' 9.75'',6' 11.25'',9' 1.5'',259.2,7' 1.5'',2011
Brandon Knight,PG,0.04,8.25,9.5,6' 1.5'',6' 3.25'',8' 2.5'',176.8,6' 6.75'',2011
Malcolm Lee,SG,0.06,8.5,9.5,6' 4'',6' 5.5'',8' 5.5'',198.2,6' 9.75'',2011
Kawhi Leonard,SF,0.05,9.75,11.25,6' 6'',6' 7'',8' 10'',227.4,7' 3'',2011
Travis Leslie,SG,0.08,8.75,9.25,6' 3'',6' 4.25'',8' 7'',205,6' 10.5'',2011
Jon Leuer,PF,0.05,8.75,9.75,6' 10'',6' 11.5'',8' 9.5'',223.2,7' 0'',2011
DeAndre Liggins,SF-SG,0.05,8.75,10,6' 5'',6' 6.25'',8' 7.5'',202.2,6' 11'',2011
David Lighty,SG,0.07,9,10,6' 4.75'',6' 6.5'',8' 5'',216.2,6' 8'',2011
Shelvin Mack,PG,0.07,8.25,9.25,6' 1'',6' 2.5'',8' 0.5'',209,6' 7.5'',2011
Demetri McCamey,PG,0.06,8.5,9,6' 1.75'',6' 3.25'',8' 3.5'',204,6' 6.25'',2011
E'Twaun Moore,SG,0.08,9,10,6' 2.5'',6' 4'',8' 3.5'',191.4,6' 9.5'',2011
Marcus Morris,PF-SF,0.08,8.25,8.5,6' 7'',6' 8.75'',8' 9.5'',229.6,6' 10'',2011
Markieff Morris,PF,0.1,8.5,8.25,6' 7.75'',6' 9.25'',8' 10.5'',240.8,6' 10.75'',2011
Darius Morris,PG-SG,0.05,8.75,10,6' 3.25'',6' 5.25'',8' 6'',190,6' 7.5'',2011
Chandler Parsons,SF,0.07,8.25,10,6' 8.75'',6' 9.75'',8' 8.5'',221.2,6' 9.5'',2011
Jereme Richmond,SF,0.06,8.75,9.5,6' 6'',6' 7.25'',8' 10.5'',207.2,6' 10.25'',2011
Josh Selby,SG-PG,0.08,8.5,9,6' 1.75'',6' 3'',8' 2'',194.6,6' 5.25'',2011
Iman Shumpert,PG-SG,0.07,9,9,6' 4.25'',6' 5.5'',8' 3.5'',221.8,6' 9.5'',2011
Kyle Singler,SF,0.1,8.25,8.75,6' 7.5'',6' 8.5'',8' 10'',228,6' 10.1'',2011
Chris Singleton,SF,0.07,9.25,10,6' 7.75'',6' 9'',8' 7.5'',230.2,7' 1'',2011
Jamie Skeen,PF,0.1,8.5,8.5,6' 6.5'',6' 8'',8' 10.5'',241.6,7' 1.25'',2011
Nolan Smith,PG,0.06,8.5,9.25,6' 1.5'',6' 3.5'',8' 3'',187.6,6' 5.5'',2011
Gregory Smith,PF-C,0.07,9.75,12,6' 8'',6' 9.25'',8' 10.5'',252.8,7' 2.5'',2011
Malcolm Thomas,PF,0.06,9.5,10.5,6' 7.5'',6' 8.75'',8' 11.5'',223,7' 0.5'',2011
Isaiah Thomas,PG,0.07,8.25,9,5' 8.75'',5' 10.25'',7' 7.5'',186,6' 1.75'',2011
Trey Thompkins,PF,0.16,9.25,9.75,6' 8.5'',6' 9.75'',8' 11.5'',239,7' 1'',2011
Tristan Thompson,PF,0.06,8.75,9.25,6' 7.5'',6' 8.75'',9' 0.5'',227.4,7' 1.25'',2011
Klay Thompson,SG,0.08,8.75,9.25,6' 5.75'',6' 7.25'',8' 7.5'',205.6,6' 9'',2011
Jeremy Tyler,PF-C,0.13,9.25,9,6' 9'',6' 10.5'',9' 2.5'',262.4,7' 5'',2011
Nikola Vucevic,PF-C,0.06,9.25,10.25,6' 10.25'',6' 11.75'',9' 4.5'',259.8,7' 4.5'',2011
Kemba Walker,PG,0.06,8,9,5' 11.5'',6' 1'',7' 7.5'',184,6' 3.5'',2011
Jordan Williams,PF,0.12,9.25,10,6' 7.75'',6' 9'',8' 10.5'',247.2,7' 0.25'',2011
Derrick Williams,PF-SF,0.11,9,9.75,6' 7.25'',6' 8.75'',9' 0'',248.4,7' 1.5'',2011
Solomon Alabi,C,0.05,9.25,9.25,6' 11.5'',7' 0.75'',9' 5'',237.4,7' 5'',2010
Cole Aldrich,C,0.09,9,9.25,6' 9'',6' 11.25'',9' 3.5'',236,7' 4.75'',2010
Al-Farouq Aminu,SF,0.08,9.5,9.5,6' 7.25'',6' 8.5'',9' 0.5'',216,7' 3.25'',2010
James Anderson,SF,0.08,8.5,7.25,6' 4.75'',6' 5.75'',8' 8'',207.6,6' 8.5'',2010
Luke Babbitt,SF-PF,0.06,8.5,10,6' 7.5'',6' 8.75'',8' 8.5'',217.8,6' 11.25'',2010
Eric Bledsoe,PG,0.06,8.5,9.75,6' 0.25'',6' 1.5'',8' 2'',191.6,6' 7.5'',2010
Trevor Booker,PF,0.07,9,9.5,6' 6.25'',6' 7.5'',8' 10'',235.8,6' 9.75'',2010
Craig Brackins,PF-SF,0.08,9.5,11.25,6' 8.5'',6' 9.75'',9' 1'',229,7' 0'',2010
Avery Bradley,SG-PG,0.04,8.25,9.5,6' 2'',6' 3.25'',8' 2.5'',180.4,6' 7.25'',2010
Derrick Caracter,PF,0.13,9,10.25,6' 8.25'',6' 9.5'',8' 11.5'',280,7' 0.25'',2010
Sherron Collins,PG,0.09,8.5,9.5,5' 10.25'',5' 11.75'',7' 10'',217.2,6' 2.5'',2010
DeMarcus Cousins,C,0.16,9.25,10,6' 9.5'',6' 10.75'',9' 5'',291.8,7' 5.75'',2010
Jordan Crawford,SG,0.05,8,9,6' 3'',6' 4.5'',8' 5'',198.4,6' 7'',2010
Ed Davis,PF,0.1,9.25,10,6' 9'',6' 9.75'',9' 0'',226.6,7' 0'',2010
Devin Ebanks,SF,0.08,8.25,9,6' 7'',6' 8.25'',8' 11.5'',207.8,7' 0.25'',2010
Derrick Favors,PF,0.07,8.75,9.25,6' 8.75'',6' 10.25'',9' 2'',245.2,7' 4'',2010
Keith Gallon,PF-C,0.15,9.25,10.5,6' 8.5'',6' 9.5'',9' 1.5'',301.8,7' 4.5'',2010
Charles Garcia,SF,0.07,8.75,9,6' 8.25'',6' 9.25'',8' 11.5'',231.6,7' 1.75'',2010
Paul George,SF,0.05,8.5,9,6' 7.75'',6' 8.75'',8' 11'',214.4,6' 11.25'',2010
Luke Harangody,PF,0.11,8.75,9.75,6' 6'',6' 7.75'',8' 10'',240.2,6' 9.5'',2010
Manny Harris,SG,0.04,8.5,9,6' 4'',6' 5.5'',8' 6'',185.1,6' 7.25'',2010
Lazar Hayward,SG-SF,0.08,9.25,9.5,6' 4.5'',6' 5.75'',8' 6'',225.8,7' 0.75'',2010
Gordon Hayward,SF,0.07,8.5,9.25,6' 6.75'',6' 8'',8' 7'',211,6' 7.75'',2010
Xavier Henry,SG,0.05,8.75,10,6' 5.25'',6' 6.5'',8' 9'',210.2,6' 11.25'',2010
Darington Hobson,SG-SF,0.06,8.25,9,6' 5.25'',6' 6.5'',8' 8.5'',203.6,6' 9.25'',2010
Damion James,SF,0.1,9.25,8.5,6' 6.25'',6' 7.75'',8' 11'',226.6,7' 0.75'',2010
Wesley Johnson,SF,0.05,9,9.5,6' 6.25'',6' 7.25'',8' 10'',206.4,7' 1'',2010
Armon Johnson,PG-SG,0.06,8.25,9.25,6' 2'',6' 3.25'',8' 3.5'',195.2,6' 8'',2010
Dominique Jones,SG,0.06,9,10.25,6' 3.25'',6' 5'',8' 5'',216,6' 9.25'',2010
Jerome Jordan,C,0.07,9,10.25,6' 11.5'',7' 0.75'',9' 5'',244.2,7' 5.25'',2010
Sylven Landesberg,SG,0.12,8.75,10.75,6' 4.75'',6' 6.25'',8' 4.5'',210,6' 9'',2010
Gani Lawal,PF,0.06,8.5,10,6' 7.5'',6' 9'',8' 11.5'',233.4,7' 0'',2010
Greg Monroe,PF-C,0.11,8.75,9.5,6' 9.75'',6' 11'',9' 0.5'',246.6,7' 2.25'',2010
Daniel Orton,C,0.14,8.5,9.75,6' 8.75'',6' 9.5'',9' 2.5'',269.2,7' 4.25'',2010
Artsiom Parakhouski,C,0.06,9,10.5,6' 10.25'',6' 11.75'',9' 1.5'',268.2,7' 1'',2010
Patrick Patterson,PF,0.05,9.25,10.25,6' 8'',6' 9.25'',8' 11'',239.6,7' 1.25'',2010
Dexter Pittman,PF-C,0.21,10.25,10.5,6' 9.5'',6' 11.5'',9' 3'',302.6,7' 6'',2010
Andy Rautins,SG,0.06,8,9.75,6' 4.25'',6' 5'',8' 4'',191.6,6' 7'',2010
Ryan Richards,PF,0.08,9,9.75,6' 10.5'',6' 11.75'',9' 2'',230.2,7' 1.5'',2010
Stanley Robinson,SF,0.08,9,9,6' 6.5'',6' 7.75'',8' 11.5'',213.2,7' 0'',2010
Larry Sanders,PF-C,0.05,9.75,11,6' 9.25'',6' 10.5'',9' 4'',222.4,7' 5.75'',2010
Jon Scheyer,PG-SG,0.05,7.75,9.5,6' 4.75'',6' 6'',8' 3'',180,6' 3.25'',2010
Lance Stephenson,SG,0.09,9,10.25,6' 4.5'',6' 5.75'',8' 7'',227,6' 10.5'',2010
Mikhail Torrance,PG,0.07,8.75,9.5,6' 4'',6' 5'',8' 7'',208.8,6' 7.5'',2010
Evan Turner,SG,0.09,8.75,9.5,6' 5.75'',6' 7'',8' 7.5'',213.8,6' 8'',2010
Ekpe Udoh,PF,0.08,9.5,8.75,6' 8.75'',6' 9.75'',8' 10.5'',237.4,7' 4.5'',2010
Jarvis Varnado,PF-C,0.1,9.25,9.5,6' 8.25'',6' 10'',9' 1.5'',210.2,7' 3.5'',2010
Greivis Vasquez,PG-SG,0.09,7.75,9.25,6' 5'',6' 6.5'',8' 5'',210.8,6' 7'',2010
John Wall,PG,0.06,8.25,9.5,6' 2.75'',6' 4'',8' 5.5'',195.6,6' 9.25'',2010
Willie Warren,SG-PG,0.08,8.5,9.5,6' 2.5'',6' 3.75'',8' 3.5'',208.4,6' 6'',2010
Terrico White,SG-PG,0.04,9,10.5,6' 3.75'',6' 5'',8' 5'',202.6,6' 9'',2010
Hassan Whiteside,C-PF,0.06,8.25,10.25,6' 10.5'',6' 11.5'',9' 5'',226.6,7' 7'',2010
Jeff Adrien,PF,0.08,-,-,6' 5.25'',6' 6.5'',8' 11.5'',236.2,7' 2'',2009
Jeff Ayres,PF,0.06,-,-,6' 8.75'',6' 10'',8' 11'',239.6,7' 1'',2009
Rodrigue Beaubois,PG,0.08,-,-,6' 1.25'',6' 2.25'',8' 4'',182.4,6' 9.75'',2009
DeJuan Blair,PF,0.12,-,-,6' 5.25'',6' 6.5'',8' 10.5'',276.6,7' 2'',2009
Derrick Brown,SF-PF,0.09,-,-,6' 7.5'',6' 8.5'',8' 11.5'',224.6,7' 2.5'',2009
Chase Budinger,SF-SG,0.1,-,-,6' 6.25'',6' 7'',8' 5'',206.4,6' 7'',2009
DeMarre Carroll,PF-SF,0.06,-,-,6' 6.25'',6' 7.75'',8' 9'',207.2,6' 10'',2009
Omri Casspi,SF,0.09,-,-,6' 7.75'',6' 9.25'',8' 10.5'',211.2,6' 9.25'',2009
Dionte Christmas,SG,0.07,-,-,6' 4.25'',6' 5.5'',8' 6.5'',210.8,6' 9'',2009
Earl Clark,SF-PF,0.05,-,-,6' 8.5'',6' 10.25'',9' 1.5'',228.4,7' 2.5'',2009
Darren Collison,PG,0.06,-,-,6' 0.25'',6' 1.5'',8' 0.5'',166.2,6' 3'',2009
Dante Cunningham,PF,0.05,-,-,6' 7'',6' 8.25'',8' 10.5'',227.4,6' 11'',2009
Stephen Curry,PG-SG,0.06,-,-,6' 2'',6' 3.25'',8' 1'',181,6' 3.5'',2009
Austin Daye,SF-PF,0.06,-,-,6' 9.75'',6' 10.75'',9' 2'',191.8,7' 2.75'',2009
DeMar DeRozan,SG-SF,0.05,-,-,6' 5.5'',6' 6.5'',8' 6.5'',211.2,6' 9'',2009
Toney Douglas,PG,0.05,-,-,6' 1'',6' 2'',8' 1.5'',183.4,6' 6'',2009
Wayne Ellington,SG,0.06,-,-,6' 4.25'',6' 5.25'',8' 4'',202.4,6' 6.5'',2009
Tyreke Evans,PG-SG,0.07,-,-,6' 4'',6' 5.25'',8' 8'',220.6,6' 11.25'',2009
Jonny Flynn,PG,0.06,-,-,5' 11.25'',6' 0.75'',7' 11.5'',195.6,6' 4'',2009
Taj Gibson,PF,0.07,-,-,6' 8.5'',6' 9.75'',9' 1'',214.4,7' 4'',2009
Danny Green,SG-SF,0.06,-,-,6' 5.25'',6' 6.5'',8' 7'',208,6' 10'',2009
Blake Griffin,PF,0.08,-,-,6' 8.5'',6' 10'',8' 9'',248.4,6' 11.25'',2009
Tyler Hansbrough,PF,0.09,-,-,6' 8.25'',6' 9.5'',8' 10'',234.2,6' 11.5'',2009
James Harden,SG,0.1,-,-,6' 4'',6' 5.25'',8' 7.5'',222,6' 10.75'',2009
Gerald Henderson,SG-SF,0.04,-,-,6' 4'',6' 5'',8' 6.5'',214.6,6' 10.25'',2009
Josh Heytvelt,PF-C,0.11,-,-,6' 10'',6' 11'',9' 0'',246.2,7' 1.25'',2009
Jordan Hill,PF-C,0.06,-,-,6' 9.25'',6' 10.25'',9' 0'',232.4,7' 1.5'',2009
Jrue Holiday,PG-SG,0.06,-,-,6' 3.25'',6' 4.25'',8' 4.5'',199,6' 7'',2009
Joe Ingles,SF,0.1,-,-,6' 7.75'',6' 8.25'',8' 9'',209.2,6' 10.25'',2009
James Johnson,SF-PF,0.12,-,-,6' 7'',6' 7.75'',8' 9.5'',257.2,7' 0.75'',2009
Ty Lawson,PG,0.07,-,-,5' 11.25'',6' 0.5'',7' 10.5'',196.6,6' 0.75'',2009
Eric Maynor,PG,0.05,-,-,6' 2.25'',6' 3.25'',8' 1'',163.6,6' 2.5'',2009
Jack McClinton,SG-PG,0.06,-,-,5' 11.75'',6' 0.75'',8' 0'',185.2,6' 2.5'',2009
Jerel McNeal,SG,0.05,-,-,6' 1.5'',6' 3'',8' 3.5'',190.4,6' 7.25'',2009
Jodie Meeks,SG,0.08,-,-,6' 3'',6' 4'',8' 2'',211.4,6' 4.5'',2009
Patty Mills,PG,0.07,-,-,5' 11.25'',6' 0.5'',7' 11'',175.4,6' 2'',2009
Byron Mullens,C,0.09,-,-,6' 11.75'',7' 1.25'',9' 3'',258.2,7' 1.5'',2009
A.J. Price,PG,0.12,-,-,6' 0.5'',6' 2'',8' 1'',192.8,6' 3.75'',2009
Tyler Smith,SF,0.07,-,-,6' 5.25'',6' 6'',8' 8.5'',212,6' 9.75'',2009
DaJuan Summers,SF,0.07,-,-,6' 7.25'',6' 8.5'',8' 10.5'',243,7' 0.75'',2009
Jermaine Taylor,SG,0.06,-,-,6' 3.5'',6' 4.75'',8' 5'',207.4,6' 8.75'',2009
Jeff Teague,PG,0.05,-,-,6' 0.25'',6' 1.5'',8' 2.5'',175.2,6' 7.5'',2009
Hasheem Thabeet,C,0.07,-,-,7' 1.25'',7' 2.5'',9' 5'',267.2,7' 6.25'',2009
Marcus Thornton,SG,0.05,-,-,6' 2.75'',6' 3.75'',8' 3'',194.4,6' 5'',2009
Terrence Williams,SG-SF,0.05,-,-,6' 5'',6' 6.25'',8' 7.5'',213.2,6' 9'',2009
Sam Young,SF-SG,0.05,-,-,6' 5.25'',6' 6.75'',8' 9.5'',222.8,6' 10.75'',2009
Joe Alexander,SF-PF,0.06,-,-,6' 7.25'',6' 8.25'',8' 10'',220,6' 11.5'',2008
Darrell Arthur,PF,0.07,-,-,6' 7.5'',6' 8.5'',8' 11'',216,6' 10.75'',2008
D.J. Augustin,PG,0.08,-,-,5' 10'',5' 11.5'',7' 10.5'',171.5,6' 3.5'',2008
Jerryd Bayless,PG-SG,0.05,-,-,6' 1.75'',6' 3'',8' 1'',204,6' 3.5'',2008
Michael Beasley,PF-SF,0.08,-,-,6' 7'',6' 8.25'',8' 11'',239,7' 0.25'',2008
Ramel Bradley,PG-SG,0.06,-,-,6' 1.25'',6' 2.25'',8' 2'',184,6' 5'',2008
Tyrone Brazelton,PG,0.08,-,-,5' 10'',5' 11'',7' 10'',166,6' 1.75'',2008
Takais Brown,PF,0.09,-,-,6' 7.25'',6' 8.5'',8' 10'',252,6' 10'',2008
Keith Brumbaugh,SF-PF,0.04,-,-,6' 7.5'',6' 8.75'',8' 8.5'',190,6' 7.25'',2008
Stanley Burrell,PG,0.06,-,-,6' 1.5'',6' 2.5'',8' 1.5'',201,6' 6.25'',2008
Brian Butch,C-PF,0.11,-,-,6' 9.5'',6' 11'',9' 0'',229.6,6' 11.25'',2008
Jamar Butler,PG,0.06,-,-,6' 0.25'',6' 1.5'',8' 1'',182,6' 4.75'',2008
Pat Calathes,SF-PF,0.07,-,-,6' 8.75'',6' 9.75'',8' 10'',204,6' 9.75'',2008
Joe Crawford,SG,0.08,-,-,6' 3'',6' 4'',8' 3.5'',213,6' 5.75'',2008
Chris Daniels,C-PF,0.16,-,-,6' 8.25'',6' 9.5'',9' 1'',256,7' 0.5'',2008
Joey Dorsey,PF-C,0.09,-,-,6' 6.25'',6' 7.25'',8' 11'',265,7' 1.75'',2008
Marcus Dove,SF-PF,0.05,-,-,6' 6.75'',6' 7.5'',8' 9'',208,6' 11.5'',2008
Josh Duncan,PF,0.05,-,-,6' 8'',6' 9'',8' 8.5'',230,6' 11.5'',2008
Frank Elegar,PF,0.05,-,-,6' 7.25'',6' 8.75'',8' 10'',210,7' 3.25'',2008
Patrick Ewing Jr.,SF-PF,0.09,-,-,6' 6'',6' 7.25'',8' 1.5'',224,7' 0.25'',2008
Gary Forbes,SG,0.07,-,-,6' 4.5'',6' 5.75'',8' 8.5'',220.5,6' 11.25'',2008
Shan Foster,SG,0.06,-,-,6' 4'',6' 5.25'',8' 7.5'',194.5,6' 11.5'',2008
J.R. Giddens,SG,0.05,-,-,6' 4'',6' 4.75'',8' 7'',208,6' 11.25'',2008
James Gist,PF,0.05,-,-,6' 7'',6' 8.5'',8' 11.5'',220,7' 4'',2008
Vladimir Golubovic,C,0.07,-,-,6' 11.25'',7' 0.25'',9' 3.5'',258,7' 2.5'',2008
Eric Gordon,SG,0.08,-,-,6' 2'',6' 3.25'',8' 3'',222,6' 9'',2008
Kentrell Gransberry,C,0.17,-,-,6' 6.75'',6' 7.75'',8' 10'',290,6' 10.25'',2008
Donte Greene,SF-PF,0.08,-,-,6' 8.25'',6' 9'',9' 0'',221,6' 10'',2008
Malik Hairston,SG,0.07,-,-,6' 4.25'',6' 5.25'',8' 7.5'',204,6' 9'',2008
DeVon Hardin,C-PF,0.06,-,-,6' 9.5'',6' 10.75'',9' 1.5'',235,7' 3'',2008
Richard Hendrix,PF,0.09,-,-,6' 6.75'',6' 8.75'',9' 0'',250,7' 3'',2008
George Hill,PG,0.03,-,-,6' 1.25'',6' 2.5'',8' 1.5'',181,6' 9'',2008
Kyle Hines,SF-PF,0.04,-,-,6' 3.75'',6' 5.25'',8' 8.5'',234,7' 1.25'',2008
Jiri Hubalek,C-PF,0.09,-,-,6' 9.5'',6' 11'',9' 1'',226,6' 10.75'',2008
Lester Hudson,PG,0.03,-,-,5' 11.75'',6' 1'',8' 2.5'',196,6' 8.75'',2008
Othello Hunter,PF-SF,0.06,-,-,6' 6.5'',6' 7.5'',9' 1.5'',220,7' 3'',2008
Darnell Jackson,PF,0.13,-,-,6' 7'',6' 7.75'',8' 10.5'',240.5,6' 11.25'',2008
Shawn James,PF,0.09,-,-,6' 7.75'',6' 9'',9' 3'',217,7' 5'',2008
Davon Jefferson,SF,0.12,-,-,6' 5.25'',6' 6.5'',8' 9'',213,6' 9.5'',2008
Joseph Jones,PF,0.12,-,-,6' 7'',6' 8.5'',8' 11'',240,7' 0.25'',2008
DeAndre Jordan,C,0.08,-,-,6' 9.75'',6' 11'',9' 5.5'',250,7' 6'',2008
Sasha Kaun,C-PF,0.1,-,-,6' 9'',6' 10.75'',9' 2'',247,7' 4'',2008
Marcelus Kemp,SG,0.09,-,-,6' 3'',6' 4.25'',8' 7.5'',221,6' 8.5'',2008
Maarty Leunen,SF,0.09,-,-,6' 7.25'',6' 8.5'',8' 6.5'',222,6' 8'',2008
Longar Longar,C,0.11,-,-,6' 9'',6' 10'',9' 1.5'',212.5,7' 1.25'',2008
Brook Lopez,C,0.06,-,-,6' 11.25'',7' 0.5'',9' 5'',258,7' 5.5'',2008
Kevin Love,PF,0.13,-,-,6' 7.75'',6' 9.5'',8' 10'',255,6' 11.25'',2008
Aleks Maric,C,0.1,-,-,6' 9.75'',6' 10.75'',9' 1.5'',273,7' 1'',2008
O.J. Mayo,SG-PG,0.06,-,-,6' 3.25'',6' 4.25'',8' 3.5'',200,6' 6'',2008
James Mays,PF,0.09,-,-,6' 6.75'',6' 7.75'',8' 9'',227,7' 1.75'',2008
Luc Mbah a Moute,SF,0.07,-,-,6' 5.75'',6' 7.5'',8' 7.5'',221,7' 2.5'',2008
JaVale McGee,C-PF,0.05,-,-,6' 11'',7' 0'',9' 6.5'',241,7' 6'',2008
Drew Neitzel,PG,0.06,-,-,5' 11.75'',6' 0.75'',7' 11'',175.5,6' 2.5'',2008
DeMarcus Nelson,PG-SG,0.05,-,-,6' 1'',6' 2.25'',8' 2.5'',198,6' 10'',2008
David Padgett,C-PF,0.09,-,-,6' 10.25'',6' 11.5'',9' 1.5'',239.5,7' 1'',2008
Jeremy Pargo,PG,0.08,-,-,6' 0.5'',6' 1.5'',8' 0'',208,6' 5'',2008
Trent Plaisted,PF,0.11,-,-,6' 9.25'',6' 10.25'',8' 9.5'',240,6' 10.5'',2008
Quan Prowell,SF-PF,0.07,-,-,6' 6.75'',6' 7.75'',8' 7.5'',225.5,6' 10.5'',2008
Shaun Pruitt,C-PF,0.14,-,-,6' 8.25'',6' 9'',8' 11.5'',242.2,7' 1'',2008
Anthony Randolph,PF-SF,0.05,-,-,6' 9'',6' 10.25'',9' 1'',197,7' 3'',2008
Charles Rhodes,PF,0.11,-,-,6' 7.25'',6' 8.25'',8' 11.5'',244,6' 11.25'',2008
John Riek,C,0.11,-,-,6' 10.5'',7' 0'',,237,7' 8.75'',2008
Brian Roberts,PG,0.04,-,-,6' 0.25'',6' 1.25'',7' 11'',173,6' 1.25'',2008
Russell Robinson,PG,0.07,-,-,6' 0.5'',6' 1.5'',8' 4.5'',196,6' 8'',2008
Richard Roby,SG-SF,0.09,-,-,6' 4.25'',6' 5.5'',8' 8'',203,6' 9.75'',2008
Derrick Rose,PG,0.05,-,-,6' 1.5'',6' 2.5'',8' 2.5'',196,6' 8'',2008
Sean Singletary,PG,0.04,-,-,5' 11'',6' 0'',7' 11'',183.8,6' 4.5'',2008
Ronald Steele,PG,0.08,-,-,6' 0.25'',6' 1.5'',8' 1.5'',183.5,6' 4.25'',2008
Mike Taylor,SG-PG,0.04,-,-,6' 0.75'',6' 2'',8' 2'',166.2,6' 7.25'',2008
Bryce Taylor,SG,0.08,-,-,6' 2.75'',6' 4.25'',8' 3.5'',210,6' 9'',2008
Mark Tyndale,SG-SF,0.07,-,-,6' 2.75'',6' 3.5'',8' 7.5'',217,6' 11'',2008
Robert Vaden,SG,0.06,-,-,6' 3.5'',6' 4.5'',8' 5'',199,6' 8'',2008
Deron Washington,SF,0.07,-,-,6' 5.25'',6' 6.25'',8' 6.5'',198.5,6' 9'',2008
Sonny Weems,SG-SF,0.04,-,-,6' 4'',6' 5.5'',8' 8'',193,6' 10'',2008
Russell Westbrook,PG,0.05,-,-,6' 2.25'',6' 3.5'',8' 4'',192,6' 7.75'',2008
Reggie Williams,SG,0.05,-,-,6' 3.25'',6' 4'',8' 7'',199,6' 9.25',2008
Mohamed Abukar,SF,0.09,-,-,6' 8'',6' 9.75'',8' 7'',210,6' 9'',2007
Mario Boggan,PF,0.09,-,-,6' 5'',6' 7'',8' 11'',240,7' 2'',2007
Craig Bradshaw,PF,0.12,-,-,6' 8'',6' 9.75'',8' 10.5'',240,7' 1.5'',2007
Corey Brewer,SF-SG,0.04,-,-,6' 6'',6' 7.75'',8' 7'',185,6' 8.25'',2007
Aaron Brooks,PG,0.03,-,-,5' 10'',5' 11.75'',7' 10'',161,6' 4'',2007
Bobby Brown,PG,0.07,-,-,5' 11'',6' 1.75'',7' 11.5'',170,6' 4'',2007
Russell Carter,SG,0.06,-,-,6' 3'',6' 4.5'',8' 1.5'',221,6' 8.5'',2007
Coleman Collins,PF,0.06,-,-,6' 8'',6' 9.75'',8' 11'',236,7' 2'',2007
Mike Conley,PG,0.04,-,-,5' 11'',6' 0.75'',7' 10.5'',175,6' 5.75'',2007
Daequan Cook,SG,0.07,-,-,6' 3'',6' 5.75'',8' 5.5'',203,6' 8.25'',2007
Ryvon Covile,C-PF,0.08,-,-,6' 7'',6' 8.5'',8' 11.5'',250,7' 1.25'',2007
Javaris Crittenton,PG,0.05,-,-,6' 3'',6' 4.75'',8' 2'',194,6' 5.5'',2007
Jermareo Davidson,PF,0.07,-,-,6' 9'',6' 11'',9' 1.5'',230,7' 4'',2007
Justin Doellman,PF,0.07,-,-,6' 8'',6' 9.5'',8' 9'',205,6' 8.75'',2007
Zabian Dowdell,PG,0.05,-,-,6' 1'',6' 3'',8' 4'',191,6' 10'',2007
Jared Dudley,SF,0.07,-,-,6' 5'',6' 7.25'',8' 6'',219,6' 7'',2007
Kevin Durant,SF-PF,0.07,-,-,6' 9'',6' 10.25'',9' 2'',215,7' 4.75'',2007
Rashaun Freeman,PF,0.12,-,-,6' 6'',6' 8'',8' 8'',244,6' 11.5'',2007
Aaron Gray,C,0.11,-,-,7' 0'',7' 1.75'',9' 0.5'',271,7' 3.25'',2007
Caleb Green,PF,0.11,-,-,6' 6'',6' 8'',8' 7'',238,6' 11.75'',2007
Jeff Green,SF,0.04,-,-,6' 7'',6' 9.5'',8' 7'',228,7' 1.25'',2007
Taurean Green,PG,0.05,-,-,5' 11'',6' 0.75'',8' 0'',173,6' 2.25'',2007
Spencer Hawes,PF,0.13,-,-,6' 10'',7' 0.75'',9' 2'',244,7' 0.5'',2007
Brandon Heath,PG,0.09,-,-,6' 2'',6' 3.75'',7' 10'',181,6' 7'',2007
Herbert Hill,C,0.06,-,-,6' 7'',6' 9.75'',9' 0.5'',232,7' 2.25'',2007
Al Horford,PF,0.09,-,-,6' 8'',6' 9.75'',8' 11'',246,7' 0.75'',2007
Quinton Hosley,SF-SG,0.06,-,-,6' 5'',6' 7.75'',8' 9'',215,6' 11.25'',2007
James Hughes,C,0.04,-,-,6' 9'',6' 10.75'',9' 3'',209,7' 3'',2007
Jeremy Hunt,SG,0.05,-,-,6' 2'',6' 4.75'',8' 5.5'',198,6' 8.25'',2007
Ekene Ibekwe,PF,0.03,-,-,6' 8'',6' 9'',8' 8'',208,7' 6'',2007
Dominic James,PG,0.05,-,-,5' 10'',5' 11.75'',7' 9'',175,6' 2'',2007
Trey Johnson,SG,0.05,-,-,6' 3'',6' 5.75'',8' 2'',216,6' 5'',2007
Rashad Jones-Jennings,PF,0.06,-,-,6' 6'',6' 7.5'',8' 9.5'',235,7' 0'',2007
Jared Jordan,PG,0.07,-,-,6' 0'',6' 1.75'',7' 10'',183,6' 0'',2007
Coby Karl,SG-PG,0.05,-,-,6' 3'',6' 4.75'',8' 3.5'',204,6' 11'',2007
Antanas Kavaliauskas,PF,0.08,-,-,6' 9'',6' 10.5'',8' 10.5'',237,6' 10.5'',2007
Carl Landry,PF,0.08,-,-,6' 7'',6' 8.5'',8' 6.5'',248,6' 11'',2007
Stephane Lasme,PF,0.05,-,-,6' 5'',6' 7'',8' 11'',213,7' 2'',2007
Acie Law,PG,0.06,-,-,6' 2'',6' 3.5'',8' 2'',186,6' 6.5'',2007
Marko Lekic,C,0.11,-,-,6' 9'',6' 10.5'',9' 0.5'',267,7' 1'',2007
Ron Lewis,SG,0.05,-,-,6' 2'',6' 4.5'',8' 3'',194,6' 6.5'',2007
Cartier Martin,SF,0.06,-,-,6' 4'',6' 6.5'',8' 7.5'',218,6' 10'',2007
Dominic McGuire,SF,0.05,-,-,6' 7'',6' 8.25'',8' 8'',220,6' 10.5'',2007
Josh McRoberts,PF,0.14,-,-,6' 8'',6' 10'',8' 10.5'',240,7' 1'',2007
Sammy Mejia,SG,0.08,-,-,6' 5'',6' 7'',8' 9'',218,6' 11'',2007
Brad Newley,SG,0.08,-,-,6' 5'',6' 6.5'',8' 6.5'',201,6' 8'',2007
Demetris Nichols,SF,0.06,-,-,6' 6'',6' 7.5'',8' 9'',211,7' 0.25'',2007
Joakim Noah,PF,0.05,-,-,6' 10'',7' 0'',8' 10.5'',223,7' 1.25'',2007
Greg Oden,C,0.08,-,-,6' 11'',7' 0'',9' 4'',257,7' 4.25'',2007
Ivan Radenovic,PF,0.1,-,-,6' 9'',6' 10.75'',8' 10'',226,6' 11.75'',2007
JR Reynolds,PG,0.08,-,-,6' 0'',6' 2.75'',7' 11'',188,6' 3.25'',2007
Chris Richard,PF,0.08,-,-,6' 7'',6' 8.75'',9' 2.5'',252,7' 4.5'',2007
Dustin Salisbery,SG,0.07,-,-,6' 3'',6' 4.75'',8' 4.5'',208,6' 8'',2007
Blake Schilb,SG,0.1,-,-,6' 5'',6' 7'',8' 6.5'',214,6' 9'',2007
Renaldas Seibutis,SG,0.06,-,-,6' 4'',6' 5.75'',8' 5'',185,6' 8.75'',2007
Ramon Sessions,PG,0.06,-,-,6' 2'',6' 3.75'',8' 1.5'',185,6' 4.25'',2007
Mustafa Shakur,PG,0.04,-,-,6' 3'',6' 4.5'',8' 3'',185,6' 5.5'',2007
Jason Smith,PF,0.08,-,-,6' 10.75'',6' 11.5'',8' 10'',233,6' 10.75'',2007
DJ Strawberry,SG,0.05,-,-,6' 3.75'',6' 5'',8' 5'',199,6' 6.5'',2007
Rodney Stuckey,SG-PG,0.06,-,-,6' 3.75'',6' 4.5'',8' 4.5'',207,6' 7.25'',2007
Curtis Sumpter,SF,0.05,-,-,6' 6'',6' 7.75'',8' 8'',227,6' 9.5'',2007
Yue Sun,SF,0.05,-,-,6' 7.75'',6' 8.75'',8' 9'',212,6' 9'',2007
Jamaal Tatum,PG,0.05,-,-,5' 11.5'',6' 0.75'',7' 9.5'',168,6' 2.5'',2007
Reyshawn Terry,SF,0.09,-,-,6' 6.75'',6' 7.5'',8' 7.5'',222,6' 10'',2007
Al Thornton,SF,0.06,-,-,6' 5.75'',6' 7'',8' 8'',221,7' 1'',2007
Anthony Tolliver,PF,0.06,-,-,6' 7'',6' 8.5'',8' 11.5'',242,7' 2.5'',2007
Ali Traore,C-PF,0.12,-,-,6' 8.75'',6' 9.75'',9' 0.5'',249,7' 4'',2007
Kyle Visser,C,0.1,-,-,6' 10'',6' 11.5'',9' 0'',242,6' 11'',2007
Darryl Watkins,C,0.07,-,-,6' 8.75'',6' 10.25'',9' 2'',241,7' 3'',2007
Major Wingate,C,0.07,-,-,6' 8.5'',6' 10.75'',9' 1'',242,7' 4'',2007
DaShaun Wood,PG,0.05,-,-,5' 10.75'',5' 11.5'',7' 8'',167,6' 0.75'',2007
Julian Wright,SF-PF,0.06,-,-,6' 6.5'',6' 8.5'',9' 0'',211,7' 2.25'',2007
Brandan Wright,PF,0.06,-,-,6' 8.75'',6' 10'',9' 0.5'',200,7' 3.75'',2007
Avis Wyatt,PF,0.03,-,-,6' 8.75'',6' 9.5'',8' 11'',212,7' 1'',2007
Jianlian Yi,,-%,-,-,,,,-,,2007
Nick Young,SG-SF,0.07,-,-,6' 5'',6' 6.75'',8' 4.5'',206,7' 0'',2007
Thaddeus Young,SF,0.05,-,-,6' 5.75'',6' 7.5'',8' 10'',210,6' 11.5'',2007
Kenny Adeleke,PF-C,0.11,-,-,6' 6.5'',6' 7.75'',8' 8'',250,6' 10.25'',2006
Maurice Ager,SG-PG,0.08,-,-,6' 3.25'',6' 4.5'',8' 5.5'',203,6' 7.75'',2006
LaMarcus Aldridge,PF-C,0.09,-,-,6' 10'',6' 11.25'',9' 2'',234,7' 4.75'',2006
Morris Almond,SG-SF,0.07,-,-,6' 4.75'',6' 6'',8' 6.5'',214,6' 10'',2006
Lou Amundson,PF,0.07,-,-,6' 7.2'',6' 8'',8' 7.5'',221,6' 11.5'',2006
Rashad Anderson,SG,0.17,-,-,6' 3.25'',6' 4.5'',8' 4'',224,6' 7'',2006
Hilton Armstrong,C-PF,0.06,-,-,6' 9.5'',6' 10.25'',9' 1'',240,7' 4'',2006
James Augustine,PF,0.06,-,-,6' 8.25'',6' 9.75'',8' 8'',227,7' 0.25'',2006
Renaldo Balkman,SF-PF,0.05,-,-,6' 5.25'',6' 6.5'',8' 8.5'',206,7' 1'',2006
J.P. Batista,PF,0.12,-,-,6' 7.5'',6' 8.5'',8' 7.5'',265,6' 10'',2006
Will Blalock,PG,0.07,-,-,5' 11.25'',6' 0.5'',8' 0.5'',194,6' 6'',2006
Brandon Bowman,SF,0.08,-,-,6' 6.75'',6' 8.25'',8' 7'',209,6' 11.5'',2006
Ronnie Brewer,SG-PG,0.05,-,-,6' 5.75'',6' 6.75'',8' 7.5'',223,6' 11.25'',2006
Denham Brown,SG-SF,0.09,-,-,6' 4'',6' 5'',8' 6.5'',218,6' 9.5'',2006
Brad Buckman,PF,0.11,-,-,6' 7.25'',6' 8.75'',8' 11.5'',238,7' 0'',2006
Nik Caner-Medley,SF,0.1,-,-,6' 6.5'',6' 8'',8' 7'',234,6' 9'',2006
Rodney Carney,SG-SF,0.05,-,-,6' 4.5'',6' 5.75'',8' 7.5'',204,6' 10'',2006
Keydren Clark,PG,0.12,-,-,5' 9'',5' 10.25'',7' 8.5'',184,6' 2.5'',2006
Mardy Collins,PG-SG,0.1,-,-,6' 4.25'',6' 5.5'',8' 7'',224,6' 10'',2006
Taquan Dean,SG-PG,0.04,-,-,6' 2'',6' 3'',8' 2'',183,6' 6.75'',2006
Terence Dials,PF-C,0.16,-,-,6' 7.75'',6' 9'',8' 10'',253,7' 0'',2006
Sean Dockery,PG-SG,0.07,-,-,6' 0.75'',6' 2'',7' 11.5'',182,6' 4.5'',2006
Jordan Farmar,PG,0.04,-,-,6' 0.75'',6' 2'',7' 10.5'',171,6' 3'',2006
Randy Foye,SG-PG,0.1,-,-,6' 2.25'',6' 3.25'',8' 1'',212,6' 6.25'',2006
Torin Francis,PF-C,0.12,-,-,6' 9'',6' 10'',8' 9.5'',247,7' 1'',2006
Rudy Gay,SF-PF,0.06,-,-,6' 7'',6' 8'',8' 11.5'',222,7' 3'',2006
Nick George,SF-SG,0.06,-,-,6' 4'',6' 5.75'',8' 7'',201,6' 10'',2006
Taj Gray,PF-SF,0.07,-,-,6' 7.25'',6' 8.5'',8' 11'',231,7' 0.75'',2006
Dan Grunfeld,SF-SG,0.1,-,-,6' 4.75'',6' 6'',8' 3'',216,6' 6.25'',2006
Matt Haryasz,PF-C,0.1,-,-,6' 9.75'',6' 11'',8' 11.5'',219,7' 0.25'',2006
Eric Hicks,PF,0.07,-,-,6' 4.75'',6' 5.5'',8' 9.5'',238,7' 1.5'',2006
Tedric Hill,SF-PF,0.07,-,-,6' 7.75'',6' 9'',8' 11'',236,7' 1'',2006
Daniel Horton,PG-SG,0.08,-,-,6' 0.5'',6' 2.25'',8' 0.5'',198,6' 7'',2006
Bobby Jones,SF-SG,0.08,-,-,6' 5.75'',6' 6.75'',8' 5.5'',211,6' 9.5'',2006
Solomon Jones,PF-C,0.07,-,-,6' 8.5'',6' 9.75'',9' 1'',224,7' 4.75'',2006
Viktor Keyru,SG-PG,0.06,-,-,6' 5.25'',6' 6'',8' 8'',202,6' 9.25'',2006
Marco Killingsworth,PF,0.19,-,-,6' 5.5'',6' 6.75'',8' 8'',266,7' 3'',2006
Tarence Kinsey,SF-SG,0.04,-,-,6' 4.75'',6' 5.5'',8' 4.5'',179,6' 6.75'',2006
Carl Krauser,PG,0.08,-,-,5' 11.75'',6' 0.75'',8' 1'',190,6' 6.25'',2006
Chris McCray,SG,0.1,-,-,6' 3'',6' 4'',8' 0.5'',187,6' 5.75'',2006
Gerry McNamara,PG-SG,0.13,-,-,5' 11.75'',6' 0.5'',7' 8.5'',177,6' 0.75'',2006
Pops Mensah-Bonsu,PF-C,0.06,-,-,6' 7.5'',6' 9'',8' 9.5'',232,7' 0'',2006
Paul Miller,PF-C,0.14,-,-,6' 8.5'',6' 9.25'',8' 5.5'',251,7' 0'',2006
Paul Millsap,PF,0.1,-,-,6' 6.25'',6' 7.25'',8' 9.5'',258,7' 1.5'',2006
Dwayne Mitchell,SG-SF,0.05,-,-,6' 2'',6' 3.25'',8' 2.5'',208,6' 6.5'',2006
Adam Morrison,SF,0.07,-,-,6' 6.5'',6' 7.75'',8' 9'',198,6' 10'',2006
Yemi Nicholson,PF-C,0.17,-,-,6' 7.75'',6' 9.5'',8' 11'',258,7' 4.25'',2006
David Noel,SF-SG,0.06,-,-,6' 4.5'',6' 6'',8' 4'',223,6' 9.5'',2006
Steve Novak,SF,0.08,-,-,6' 8'',6' 9.25'',8' 7'',216,6' 9.5'',2006
Patrick O'Bryant,C,0.1,-,-,6' 11'',7' 0'',9' 5'',249,7' 5.75'',2006
Danilo Pinnock,PG-SG,0.05,-,-,6' 2.75'',6' 4'',8' 4.5'',204,6' 7.5'',2006
Chris Quinn,PG-SG,0.06,-,-,6' 0.5'',6' 1.5'',7' 10'',175,6' 5'',2006
Allan Ray,SG,0.1,-,-,6' 1'',6' 2.25'',8' 3.5'',204,6' 8.5'',2006
JJ Redick,SG,0.07,-,-,6' 4'',6' 4.75'',8' 1.5'',190,6' 3.25'',2006
Antywane Robinson,SF-PF,0.07,-,-,6' 6.25'',6' 7.5'',8' 9.5'',217,7' 2.5'',2006
Brandon Roy,SG-SF,0.08,-,-,6' 5.25'',6' 6.25'',8' 5'',207,6' 8'',2006
Blake Schilb,PG-SG,0.11,-,-,6' 5.25'',6' 6.25'',8' 6'',209,6' 8.75'',2006
Mouhamed Sene,C,0.07,-,-,6' 11'',7' 0'',9' 5'',237,7' 8.5'',2006
Cedric Simmons,PF-C,0.06,-,-,6' 8.25'',6' 9.5'',9' 0.5'',223,7' 4.25'',2006
Marcus Slaughter,PF-SF,0.09,-,-,6' 7'',6' 8'',8' 8.5'',220,6' 11.5'',2006
Craig Smith,PF,0.12,-,-,6' 5.5'',6' 6.5'',8' 7.5'',259,6' 9.5'',2006
Steven Smith,SF-PF,0.08,-,-,6' 7.5'',6' 9.25'',8' 8'',238,7' 0.5'',2006
Michael Southhall,C,0.08,-,-,6' 9.5'',6' 10.25'',8' 11.5'',241,7' 4.25'',2006
Frans Steyn,C,0.13,-,-,7' 1.25'',7' 2.5'',9' 1'',280,7' 2.25'',2006
Curtis Stinson,SG,0.06,-,-,6' 1.75'',6' 2.75'',8' 1.5'',208,6' 5'',2006
Tyrus Thomas,PF-SF,0.06,-,-,6' 7.25'',6' 8.25'',9' 0'',217,7' 3'',2006
Joah Tucker,SF-SG,0.07,-,-,6' 3.75'',6' 5.25'',8' 3.5'',224,6' 6.5'',2006
Ian Vouyoukas,C-PF,0.15,-,-,6' 8.5'',6' 9.5'',9' 0.5'',267,7' 0.75'',2006
Darius Washington,PG,0.1,-,-,5' 11.5'',6' 1'',8' 0'',195,6' 4'',2006
CJ Watson,PG,0.05,-,-,6' 0.5'',6' 1.75'',8' 0'',171,6' 6'',2006
Marcus Williams,PG,0.12,-,-,6' 2'',6' 3.25'',8' 1.5'',215,6' 7'',2006
Shawne Williams,SF-PF,0.08,-,-,6' 7.25'',6' 8.75'',8' 8'',227,7' 3'',2006
Justin Williams,C-PF,0.07,-,-,6' 7.25'',6' 8.75'',9' 1'',211,7' 1.5'',2006
Shelden Williams,PF-C,0.11,-,-,6' 7.5'',6' 8.5'',8' 8'',258,7' 4.25'',2006
Eric Williams,C-PF,0.13,-,-,6' 7.25'',6' 8.75'',8' 10.5'',285,7' 4.25'',2006
Curtis Withers,PF-SF,0.05,-,-,6' 6'',6' 6.5'',8' 5'',227,6' 10'',2006
